HISTOGRAM_NAME,COLUMN_DATA_TYPE,COLUMN_ID,TOTAL_COUNT,BIN_COUNT,BUILD_TIME,THREAD_COUNT,SAMPLING_RATE
MaxDiffAreaHistogram,int,0,20,5,0.00234501,1,100
MaxDiffAreaHistogram,string,6,14,5,0.00321514,1,100
MaxDiffAreaHistogram,string,7,14,5,0.00187654,1,100
MaxDiffAreaHistogram,string,5,14,5,0.00376067,1,100
MaxDiffAreaHistogram,string,4,14,5,0.00390746,1,100
MaxDiffAreaHistogram,string,1,20,5,0.000973222,1,100
MaxDiffAreaHistogram,string,8,15,5,0.00160704,1,100
MaxDiffAreaHistogram,int,4,2020,5,0.00122894,1,100
MaxDiffAreaHistogram,int,19,73049,36,0.00463716,1,100
MaxDiffAreaHistogram,string,9,15,5,0.000927685,1,100
MaxDiffAreaHistogram,string,10,15,5,0.000690187,1,100
MaxDiffAreaHistogram,string,2,20,5,0.0011003,1,100
MaxDiffAreaHistogram,int,0,15,5,0.000498559,1,100
MaxDiffAreaHistogram,int,5,2021,5,0.00093536,1,100
MaxDiffAreaHistogram,string,3,20,4,0.000422101,1,100
MaxDiffAreaHistogram,string,11,15,5,0.000386086,1,100
MaxDiffAreaHistogram,string,4,20,5,0.000356125,1,100
MaxDiffAreaHistogram,string,1,15,5,0.000348666,1,100
MaxDiffAreaHistogram,string,6,2015,2,0.000808974,1,100
MaxDiffAreaHistogram,int,9,73049,31,0.00194659,1,100
MaxDiffAreaHistogram,string,5,20,5,0.000475714,1,100
MaxDiffAreaHistogram,string,12,15,1,0.000467665,1,100
MaxDiffAreaHistogram,int,7,569,5,0.000671004,1,100
MaxDiffAreaHistogram,float,13,14,2,0.00020862,1,100
MaxDiffAreaHistogram,string,2,14,5,0.000465949,1,100
MaxDiffAreaHistogram,string,9,987,1,0.000477563,1,100
MaxDiffAreaHistogram,int,20,73049,36,0.00339298,1,100
MaxDiffAreaHistogram,int,3,14,5,0.000588795,1,100
MaxDiffAreaHistogram,string,10,986,1,0.000380523,1,100
MaxDiffAreaHistogram,string,8,2015,1,0.000751823,1,100
MaxDiffAreaHistogram,int,0,1000,5,0.000722531,1,100
MaxDiffAreaHistogram,string,11,986,1,0.000264559,1,100
MaxDiffAreaHistogram,int,10,73049,4,0.00199969,1,100
MaxDiffAreaHistogram,string,18,73049,2,0.0109436,1,100
MaxDiffAreaHistogram,string,1,1000,5,0.00226759,1,100
MaxDiffAreaHistogram,string,12,987,1,0.000519886,1,100
MaxDiffAreaHistogram,int,2,983,5,0.000570242,1,100
MaxDiffAreaHistogram,int,8,73049,12,0.00161467,1,100
MaxDiffAreaHistogram,string,13,985,1,0.000263518,1,100
MaxDiffAreaHistogram,int,3,988,5,0.000565188,1,100
MaxDiffAreaHistogram,string,14,986,1,0.000270848,1,100
MaxDiffAreaHistogram,int,4,986,5,0.000958279,1,100
MaxDiffAreaHistogram,string,15,984,1,0.000262105,1,100
MaxDiffAreaHistogram,float,5,986,1,0.000315283,1,100
MaxDiffAreaHistogram,string,23,73049,1,0.00900478,1,100
MaxDiffAreaHistogram,string,16,990,5,0.00206016,1,100
MaxDiffAreaHistogram,string,9,2021,5,0.000766482,1,100
MaxDiffAreaHistogram,int,6,981,1,0.000243277,1,100
MaxDiffAreaHistogram,string,17,987,1,0.000352406,1,100
MaxDiffAreaHistogram,string,7,982,5,0.000405362,1,100
MaxDiffAreaHistogram,string,18,981,1,0.000304733,1,100
MaxDiffAreaHistogram,string,8,987,2,0.000324518,1,100
MaxDiffAreaHistogram,string,24,73049,1,0.00865476,1,100
MaxDiffAreaHistogram,int,4,1.26545e+06,20,0.0220137,1,100
MaxDiffAreaHistogram,int,13,73049,36,0.00421938,1,100
MaxDiffAreaHistogram,int,10,2015,5,0.00123727,1,100
MaxDiffAreaHistogram,int,8,1.26545e+06,7,0.0237512,1,100
MaxDiffAreaHistogram,int,7,1.26545e+06,7,0.0250402,1,100
MaxDiffAreaHistogram,int,6,1.26545e+06,7,0.0254813,1,100
MaxDiffAreaHistogram,int,14,1.24092e+06,100,0.0253554,1,100
MaxDiffAreaHistogram,int,0,2040,5,0.0017487,1,100
MaxDiffAreaHistogram,int,11,2024,5,0.000373987,1,100
MaxDiffAreaHistogram,int,12,2020,5,0.000315908,1,100
MaxDiffAreaHistogram,int,13,2019,5,0.00031533,1,100
MaxDiffAreaHistogram,string,3,1020,3,0.000398329,1,100
MaxDiffAreaHistogram,string,2,2019,4,0.000559719,1,100
MaxDiffAreaHistogram,string,1,2040,5,0.00250841,1,100
MaxDiffAreaHistogram,int,3,73049,36,0.00198134,1,100
MaxDiffAreaHistogram,string,25,73049,2,0.00960842,1,100
MaxDiffAreaHistogram,int,22,73049,36,0.021586,1,100
MaxDiffAreaHistogram,string,26,73049,2,0.00865143,1,100
MaxDiffAreaHistogram,int,12,73049,36,0.00168558,1,100
MaxDiffAreaHistogram,int,0,73049,36,0.0226561,1,100
MaxDiffAreaHistogram,string,27,73049,2,0.0090427,1,100
MaxDiffAreaHistogram,int,21,73049,36,0.0262631,1,100
MaxDiffAreaHistogram,string,14,73049,7,0.0140183,1,100
MaxDiffAreaHistogram,int,11,73049,36,0.00223955,1,100
MaxDiffAreaHistogram,string,16,73049,2,0.00803386,1,100
MaxDiffAreaHistogram,int,6,73049,36,0.00138492,1,100
MaxDiffAreaHistogram,int,4,73049,36,0.00427038,1,100
MaxDiffAreaHistogram,string,17,73049,2,0.00846251,1,100
MaxDiffAreaHistogram,string,15,73049,36,0.0125443,1,100
MaxDiffAreaHistogram,int,7,73049,7,0.00119972,1,100
MaxDiffAreaHistogram,int,5,73049,36,0.00149859,1,100
MaxDiffAreaHistogram,int,10,2.99607e+06,100,0.0541434,1,100
MaxDiffAreaHistogram,float,18,1.24092e+06,100,0.0654538,1,100
MaxDiffAreaHistogram,int,0,2.99651e+06,100,0.0489509,1,100
MaxDiffAreaHistogram,string,2,1.26545e+06,5,0.131721,1,100
MaxDiffAreaHistogram,float,16,1.2412e+06,100,0.119744,1,100
MaxDiffAreaHistogram,string,1,1.26545e+06,2,0.156704,1,100
MaxDiffAreaHistogram,string,2,73049,36,0.142582,1,100
MaxDiffAreaHistogram,string,5,1.26545e+06,4,0.195735,1,100
MaxDiffAreaHistogram,string,3,1.26545e+06,7,0.197165,1,100
MaxDiffAreaHistogram,string,3,969822,100,0.216677,1,100
MaxDiffAreaHistogram,float,21,1.24136e+06,100,0.228344,1,100
MaxDiffAreaHistogram,string,1,73049,36,0.237587,1,100
MaxDiffAreaHistogram,float,19,1.24106e+06,100,0.244478,1,100
MaxDiffAreaHistogram,int,11,1.24104e+06,100,0.0224067,1,100
MaxDiffAreaHistogram,int,9,1.24095e+06,100,0.0282604,1,100
MaxDiffAreaHistogram,float,20,1.24093e+06,100,0.284831,1,100
MaxDiffAreaHistogram,float,14,2.99661e+06,100,0.146216,1,100
MaxDiffAreaHistogram,float,22,1.24056e+06,100,0.230795,1,100
MaxDiffAreaHistogram,float,15,1.24113e+06,100,0.341484,1,100
MaxDiffAreaHistogram,int,1,1.24077e+06,100,0.0799032,1,100
MaxDiffAreaHistogram,string,4,969876,20,0.135528,1,100
MaxDiffAreaHistogram,int,12,1.24131e+06,55,0.0258223,1,100
MaxDiffAreaHistogram,float,12,2.99652e+06,100,0.220761,1,100
MaxDiffAreaHistogram,int,5,1.24086e+06,100,0.0280918,1,100
MaxDiffAreaHistogram,float,17,1.24166e+06,100,0.377801,1,100
MaxDiffAreaHistogram,int,4,1.24084e+06,100,0.451949,1,100
MaxDiffAreaHistogram,float,23,1.24131e+06,100,0.351564,1,100
MaxDiffAreaHistogram,int,0,4.01327e+07,100,0.521666,1,100
MaxDiffAreaHistogram,int,2,1.29952e+06,100,0.15972,1,100
MaxDiffAreaHistogram,int,8,1.2406e+06,100,0.445403,1,100
MaxDiffAreaHistogram,int,6,1.24084e+06,100,0.453588,1,100
MaxDiffAreaHistogram,int,2,3.10536e+06,100,0.3072,1,100
MaxDiffAreaHistogram,int,10,1.24089e+06,100,0.43326,1,100
MaxDiffAreaHistogram,float,11,2.99651e+06,100,0.660572,1,100
MaxDiffAreaHistogram,int,0,1.24119e+06,100,0.0256014,1,100
MaxDiffAreaHistogram,float,15,2.99713e+06,100,0.51417,1,100
MaxDiffAreaHistogram,int,0,1.26545e+06,100,0.794334,1,100
MaxDiffAreaHistogram,int,5,2.99657e+06,100,0.0667239,1,100
MaxDiffAreaHistogram,float,17,2.99694e+06,100,0.480593,1,100
MaxDiffAreaHistogram,float,18,2.99702e+06,100,0.479703,1,100
MaxDiffAreaHistogram,int,1,2.99653e+06,100,0.0994294,1,100
MaxDiffAreaHistogram,int,7,1.24079e+06,100,0.47516,1,100
MaxDiffAreaHistogram,int,7,2.997e+06,100,0.0439923,1,100
MaxDiffAreaHistogram,float,13,2.99688e+06,100,0.747453,1,100
MaxDiffAreaHistogram,float,16,2.99664e+06,100,0.657529,1,100
MaxDiffAreaHistogram,string,5,969953,75,0.12395,1,100
MaxDiffAreaHistogram,float,19,2.9971e+06,100,0.675499,1,100
MaxDiffAreaHistogram,float,27,7.38186e+06,100,0.55866,1,100
MaxDiffAreaHistogram,string,6,969817,100,0.136915,1,100
MaxDiffAreaHistogram,int,8,2.99644e+06,55,0.0398267,1,100
MaxDiffAreaHistogram,int,1,4.01329e+07,100,0.692416,1,100
MaxDiffAreaHistogram,float,26,7.38191e+06,100,0.722881,1,100
MaxDiffAreaHistogram,int,4,2.99743e+06,100,0.949335,1,100
MaxDiffAreaHistogram,string,7,969972,100,0.175742,1,100
MaxDiffAreaHistogram,int,16,7.38184e+06,100,0.105241,1,100
MaxDiffAreaHistogram,int,13,1.29952e+06,100,0.896985,1,100
MaxDiffAreaHistogram,int,3,3.81254e+07,100,0.514705,1,100
MaxDiffAreaHistogram,int,2,4.01327e+07,15,0.544165,1,100
MaxDiffAreaHistogram,string,8,969876,51,0.10238,1,100
MaxDiffAreaHistogram,float,13,2.76975e+07,100,1.44642,1,100
MaxDiffAreaHistogram,int,6,7.38184e+06,100,0.106462,1,100
MaxDiffAreaHistogram,float,24,7.38187e+06,100,1.54106,1,100
MaxDiffAreaHistogram,int,6,2.99694e+06,100,0.628706,1,100
MaxDiffAreaHistogram,int,14,7.38186e+06,20,0.118061,1,100
MaxDiffAreaHistogram,int,3,2.99676e+06,100,0.814934,1,100
MaxDiffAreaHistogram,int,3,1.24108e+06,100,0.455741,1,100
MaxDiffAreaHistogram,float,28,7.38183e+06,100,1.45108,1,100
MaxDiffAreaHistogram,int,4,7.3819e+06,100,0.41587,1,100
MaxDiffAreaHistogram,string,12,203518,10,0.0301412,1,100
MaxDiffAreaHistogram,string,2,203478,4,0.0251028,1,100
MaxDiffAreaHistogram,int,13,203502,100,0.00370974,1,100
MaxDiffAreaHistogram,string,3,102000,3,0.0167989,1,100
MaxDiffAreaHistogram,int,18,7.38188e+06,100,0.107294,1,100
MaxDiffAreaHistogram,string,14,203456,100,0.0338961,1,100
MaxDiffAreaHistogram,float,25,7.38188e+06,100,1.9441,1,100
MaxDiffAreaHistogram,float,29,7.38191e+06,100,1.78899,1,100
MaxDiffAreaHistogram,int,15,7.38188e+06,15,0.123865,1,100
MaxDiffAreaHistogram,int,8,7.38188e+06,100,0.411142,1,100
MaxDiffAreaHistogram,float,30,7.38187e+06,100,1.90965,1,100
MaxDiffAreaHistogram,string,9,969630,100,0.179752,1,100
MaxDiffAreaHistogram,float,33,7.38373e+06,100,1.88731,1,100
MaxDiffAreaHistogram,float,31,7.38373e+06,100,1.97393,1,100
MaxDiffAreaHistogram,float,19,7.38182e+06,100,0.386425,1,100
MaxDiffAreaHistogram,int,3,2.77026e+07,100,1.43122,1,100
MaxDiffAreaHistogram,string,4,203492,100,0.702494,1,100
MaxDiffAreaHistogram,string,15,203485,7,0.0275994,1,100
MaxDiffAreaHistogram,string,10,969903,1,0.174235,1,100
MaxDiffAreaHistogram,float,11,969869,6,0.0352304,1,100
MaxDiffAreaHistogram,float,5,203482,100,0.0138342,1,100
MaxDiffAreaHistogram,int,5,7.38183e+06,100,0.39916,1,100
MaxDiffAreaHistogram,float,14,2.21246e+07,100,1.84966,1,100
MaxDiffAreaHistogram,string,12,969828,3,0.140366,1,100
MaxDiffAreaHistogram,float,20,7.38191e+06,100,0.43864,1,100
MaxDiffAreaHistogram,float,32,7.38373e+06,100,2.34089,1,100
MaxDiffAreaHistogram,float,21,7.38191e+06,100,0.436787,1,100
MaxDiffAreaHistogram,int,0,1e+06,100,0.279967,1,100
MaxDiffAreaHistogram,string,2,969774,100,0.13411,1,100
MaxDiffAreaHistogram,int,0,20400,10,0.00516412,1,100
MaxDiffAreaHistogram,int,10,7.38188e+06,100,0.0965245,1,100
MaxDiffAreaHistogram,int,17,1.65688e+06,100,0.0268835,1,100
MaxDiffAreaHistogram,string,1,20400,10,0.0574766,1,100
MaxDiffAreaHistogram,int,2,20204,10,0.00166265,1,100
MaxDiffAreaHistogram,int,3,20194,10,0.000960217,1,100
MaxDiffAreaHistogram,string,4,20195,1,0.00292918,1,100
MaxDiffAreaHistogram,int,5,20203,10,0.0010026,1,100
MaxDiffAreaHistogram,int,6,20192,10,0.000752604,1,100
MaxDiffAreaHistogram,int,9,7.38184e+06,100,0.441911,1,100
MaxDiffAreaHistogram,int,0,7.38185e+06,100,0.0873965,1,100
MaxDiffAreaHistogram,string,18,203497,21,0.0254661,1,100
MaxDiffAreaHistogram,string,17,203476,92,0.029873,1,100
MaxDiffAreaHistogram,int,7,203484,100,0.0222009,1,100
MaxDiffAreaHistogram,string,8,203490,100,0.0420311,1,100
MaxDiffAreaHistogram,int,20,203494,100,0.00345546,1,100
MaxDiffAreaHistogram,string,19,203490,1,0.0258637,1,100
MaxDiffAreaHistogram,int,9,203509,16,0.00432599,1,100
MaxDiffAreaHistogram,float,19,2.21225e+07,100,1.93367,1,100
MaxDiffAreaHistogram,string,10,203501,99,0.0287136,1,100
MaxDiffAreaHistogram,int,17,7.38373e+06,100,2.32116,1,100
MaxDiffAreaHistogram,int,0,204000,100,0.0533214,1,100
MaxDiffAreaHistogram,string,16,24,5,0.000969033,1,100
MaxDiffAreaHistogram,int,6,20,5,0.000381255,1,100
MaxDiffAreaHistogram,string,17,24,5,0.000403125,1,100
MaxDiffAreaHistogram,string,7,24,1,0.000355164,1,100
MaxDiffAreaHistogram,string,18,24,5,0.000529864,1,100
MaxDiffAreaHistogram,string,8,24,5,0.000421043,1,100
MaxDiffAreaHistogram,string,19,24,5,0.000467617,1,100
MaxDiffAreaHistogram,int,9,24,5,0.000416629,1,100
MaxDiffAreaHistogram,string,20,24,5,0.000450674,1,100
MaxDiffAreaHistogram,string,10,24,5,0.000517291,1,100
MaxDiffAreaHistogram,int,0,24,5,0.000454839,1,100
MaxDiffAreaHistogram,string,21,24,5,0.000399854,1,100
MaxDiffAreaHistogram,string,11,24,5,0.000494811,1,100
MaxDiffAreaHistogram,string,1,24,5,0.000372305,1,100
MaxDiffAreaHistogram,string,22,24,5,0.00159743,1,100
MaxDiffAreaHistogram,string,12,24,5,0.000565331,1,100
MaxDiffAreaHistogram,string,2,24,4,0.000368571,1,100
MaxDiffAreaHistogram,string,23,24,1,0.00028845,1,100
MaxDiffAreaHistogram,int,13,24,5,0.000308995,1,100
MaxDiffAreaHistogram,string,3,12,3,0.00032974,1,100
MaxDiffAreaHistogram,float,24,24,2,0.000319275,1,100
MaxDiffAreaHistogram,string,14,24,5,0.00037067,1,100
MaxDiffAreaHistogram,string,4,24,4,0.000465881,1,100
MaxDiffAreaHistogram,float,25,24,5,0.000307899,1,100
MaxDiffAreaHistogram,string,15,24,5,0.000572756,1,100
MaxDiffAreaHistogram,int,5,24,5,0.000321126,1,100
MaxDiffAreaHistogram,string,21,30,5,0.000511186,1,100
MaxDiffAreaHistogram,string,11,30,5,0.00037102,1,100
MaxDiffAreaHistogram,string,1,30,5,0.000429417,1,100
MaxDiffAreaHistogram,string,22,30,5,0.000391458,1,100
MaxDiffAreaHistogram,int,12,30,5,0.00030795,1,100
MaxDiffAreaHistogram,string,2,30,4,0.000590315,1,100
MaxDiffAreaHistogram,string,16,203470,100,0.557882,1,100
MaxDiffAreaHistogram,string,23,30,5,0.000395626,1,100
MaxDiffAreaHistogram,string,13,30,5,0.000374932,1,100
MaxDiffAreaHistogram,string,3,15,3,0.000876817,1,100
MaxDiffAreaHistogram,string,24,30,5,0.000542722,1,100
MaxDiffAreaHistogram,string,14,30,5,0.000425018,1,100
MaxDiffAreaHistogram,string,25,30,5,0.000483868,1,100
MaxDiffAreaHistogram,string,15,30,5,0.000394714,1,100
MaxDiffAreaHistogram,int,5,30,5,0.000335366,1,100
MaxDiffAreaHistogram,string,26,30,5,0.000530889,1,100
MaxDiffAreaHistogram,int,16,30,5,0.000326829,1,100
MaxDiffAreaHistogram,string,6,30,5,0.000400715,1,100
MaxDiffAreaHistogram,string,27,30,5,0.000412867,1,100
MaxDiffAreaHistogram,string,17,30,5,0.000644851,1,100
MaxDiffAreaHistogram,string,7,30,3,0.000376636,1,100
MaxDiffAreaHistogram,string,28,30,1,0.000306649,1,100
MaxDiffAreaHistogram,int,18,30,5,0.000440661,1,100
MaxDiffAreaHistogram,int,8,30,5,0.000333005,1,100
MaxDiffAreaHistogram,float,29,30,2,0.000293462,1,100
MaxDiffAreaHistogram,string,19,30,5,0.000361931,1,100
MaxDiffAreaHistogram,int,9,30,5,0.000363245,1,100
MaxDiffAreaHistogram,float,6,203511,100,0.0115846,1,100
MaxDiffAreaHistogram,float,30,30,5,0.00211361,1,100
MaxDiffAreaHistogram,string,20,30,5,0.000442618,1,100
MaxDiffAreaHistogram,string,10,30,3,0.000377144,1,100
MaxDiffAreaHistogram,string,8,1.23421e+06,100,0.21766,1,100
MaxDiffAreaHistogram,int,11,7.38188e+06,100,0.363252,1,100
MaxDiffAreaHistogram,float,19,1.65674e+06,100,0.137926,1,100
MaxDiffAreaHistogram,int,0,30,5,0.00076375,1,100
MaxDiffAreaHistogram,int,9,1.65652e+06,100,0.0288374,1,100
MaxDiffAreaHistogram,int,1,7.38193e+06,100,0.172817,1,100
MaxDiffAreaHistogram,string,9,1.23425e+06,100,0.240399,1,100
MaxDiffAreaHistogram,float,18,2.76918e+07,100,2.32028,1,100
MaxDiffAreaHistogram,int,7,7.38188e+06,100,0.349434,1,100
MaxDiffAreaHistogram,float,21,1.65677e+06,100,0.0943366,1,100
MaxDiffAreaHistogram,int,11,1.65712e+06,30,0.0225663,1,100
MaxDiffAreaHistogram,string,10,1.23461e+06,2,0.146868,1,100
MaxDiffAreaHistogram,int,7,1.65696e+06,100,0.706686,1,100
MaxDiffAreaHistogram,float,18,1.6566e+06,100,0.443277,1,100
MaxDiffAreaHistogram,int,1,1.69058e+06,100,0.0912436,1,100
MaxDiffAreaHistogram,float,22,1.65681e+06,100,0.323553,1,100
MaxDiffAreaHistogram,string,21,203486,100,0.733567,1,100
MaxDiffAreaHistogram,int,11,203485,10,0.00532183,1,100
MaxDiffAreaHistogram,float,20,1.65657e+06,100,0.47917,1,100
MaxDiffAreaHistogram,int,8,2.76991e+07,100,0.393312,1,100
MaxDiffAreaHistogram,int,12,1.65698e+06,100,0.0778172,1,100
MaxDiffAreaHistogram,float,24,1.65647e+06,100,0.33597,1,100
MaxDiffAreaHistogram,int,9,3.10536e+06,100,3.22604,1,100
MaxDiffAreaHistogram,int,14,1.65658e+06,15,0.0253167,1,100
MaxDiffAreaHistogram,float,23,1.65664e+06,100,0.393153,1,100
MaxDiffAreaHistogram,int,13,1.65686e+06,20,0.0278772,1,100
MaxDiffAreaHistogram,int,2,1.69058e+06,100,0.205812,1,100
MaxDiffAreaHistogram,int,4,2.77001e+07,100,1.35859,1,100
MaxDiffAreaHistogram,string,8,20203,3,0.00317497,1,100
MaxDiffAreaHistogram,string,7,20210,10,0.07192,1,100
MaxDiffAreaHistogram,int,11,1.23445e+06,31,0.0165333,1,100
MaxDiffAreaHistogram,float,25,1.65664e+06,100,0.304848,1,100
MaxDiffAreaHistogram,float,23,7.38195e+06,100,1.73098,1,100
MaxDiffAreaHistogram,int,12,1.23452e+06,12,0.0282286,1,100
MaxDiffAreaHistogram,int,15,1.65669e+06,55,0.0312344,1,100
MaxDiffAreaHistogram,string,1,204000,100,0.364512,1,100
MaxDiffAreaHistogram,int,13,1.23427e+06,69,0.0167992,1,100
MaxDiffAreaHistogram,int,5,1.65682e+06,100,0.0300337,1,100
MaxDiffAreaHistogram,int,3,1.23469e+06,100,0.0275726,1,100
MaxDiffAreaHistogram,int,13,7.38187e+06,24,0.0878764,1,100
MaxDiffAreaHistogram,int,5,1.23421e+06,100,0.0215401,1,100
MaxDiffAreaHistogram,int,8,1.65663e+06,100,0.668522,1,100
MaxDiffAreaHistogram,int,10,1.65647e+06,100,0.469251,1,100
MaxDiffAreaHistogram,int,17,1.23448e+06,100,0.0180019,1,100
MaxDiffAreaHistogram,int,0,1.69058e+06,100,0.0233408,1,100
MaxDiffAreaHistogram,string,19,396,5,0.00104702,1,100
MaxDiffAreaHistogram,string,9,397,5,0.000840776,1,100
MaxDiffAreaHistogram,string,20,396,5,0.000617009,1,100
MaxDiffAreaHistogram,int,10,396,5,0.000667821,1,100
MaxDiffAreaHistogram,int,0,402,5,0.000319297,1,100
MaxDiffAreaHistogram,string,21,400,5,0.000370185,1,100
MaxDiffAreaHistogram,string,11,399,1,0.00020006,1,100
MaxDiffAreaHistogram,string,1,402,5,0.000606511,1,100
MaxDiffAreaHistogram,string,22,397,5,0.000270247,1,100
MaxDiffAreaHistogram,string,12,397,5,0.000871683,1,100
MaxDiffAreaHistogram,string,2,398,4,0.000263403,1,100
MaxDiffAreaHistogram,string,23,398,5,0.000309345,1,100
MaxDiffAreaHistogram,string,13,395,5,0.000792242,1,100
MaxDiffAreaHistogram,string,3,201,3,0.00021496,1,100
MaxDiffAreaHistogram,string,24,400,5,0.000275915,1,100
MaxDiffAreaHistogram,int,14,400,1,0.000157178,1,100
MaxDiffAreaHistogram,int,4,106,5,0.000279728,1,100
MaxDiffAreaHistogram,string,25,396,5,0.000412447,1,100
MaxDiffAreaHistogram,string,15,397,1,0.000187368,1,100
MaxDiffAreaHistogram,string,5,400,5,0.000293007,1,100
MaxDiffAreaHistogram,string,26,398,1,0.000211037,1,100
MaxDiffAreaHistogram,int,16,398,1,0.000146701,1,100
MaxDiffAreaHistogram,int,6,397,5,0.000298969,1,100
MaxDiffAreaHistogram,float,27,398,2,0.000149965,1,100
MaxDiffAreaHistogram,string,17,399,1,0.000263125,1,100
MaxDiffAreaHistogram,int,7,399,5,0.00055508,1,100
MaxDiffAreaHistogram,float,28,397,5,0.000202148,1,100
MaxDiffAreaHistogram,string,18,397,5,0.000617648,1,100
MaxDiffAreaHistogram,string,8,398,3,0.000286692,1,100
MaxDiffAreaHistogram,int,0,86400,43,0.0231336,1,100
MaxDiffAreaHistogram,float,26,1.65695e+06,100,0.439237,1,100
MaxDiffAreaHistogram,string,14,1.23468e+06,100,0.201965,1,100
MaxDiffAreaHistogram,int,4,1.65653e+06,100,0.463242,1,100
MaxDiffAreaHistogram,string,7,1.23429e+06,6,0.142951,1,100
MaxDiffAreaHistogram,int,3,86400,24,0.00158734,1,100
MaxDiffAreaHistogram,int,4,86400,43,0.00164057,1,100
MaxDiffAreaHistogram,int,5,86400,43,0.00159535,1,100
MaxDiffAreaHistogram,string,6,86400,2,0.0105554,1,100
MaxDiffAreaHistogram,int,2,86400,43,0.0245795,1,100
MaxDiffAreaHistogram,string,7,86400,3,0.0108348,1,100
MaxDiffAreaHistogram,string,9,36000,3,0.00636031,1,100
MaxDiffAreaHistogram,string,8,86400,4,0.0106579,1,100
MaxDiffAreaHistogram,int,3,1.657e+06,100,0.452143,1,100
MaxDiffAreaHistogram,int,2,1.23448e+06,100,0.405012,1,100
MaxDiffAreaHistogram,string,1,86400,43,0.261129,1,100
MaxDiffAreaHistogram,float,22,7.3819e+06,100,1.76608,1,100
MaxDiffAreaHistogram,int,3,7.38373e+06,100,0.491673,1,100
MaxDiffAreaHistogram,int,12,7.3818e+06,100,0.105904,1,100
MaxDiffAreaHistogram,int,4,1.27912e+06,100,0.367698,1,100
MaxDiffAreaHistogram,int,2,7.38191e+06,100,0.105591,1,100
MaxDiffAreaHistogram,int,0,20,5,0.000420127,1,100
MaxDiffAreaHistogram,int,1,20,5,0.000392805,1,100
MaxDiffAreaHistogram,int,2,20,5,0.000382344,1,100
MaxDiffAreaHistogram,int,0,1.27912e+06,100,1.40067,1,100
MaxDiffAreaHistogram,float,15,2.76742e+07,100,4.8173,1,100
MaxDiffAreaHistogram,string,1,1e+06,100,3.18825,1,100
MaxDiffAreaHistogram,int,5,2.76982e+07,100,0.399064,1,100
MaxDiffAreaHistogram,float,17,2.76913e+07,100,5.15405,1,100
MaxDiffAreaHistogram,float,16,2.77007e+07,100,5.2075,1,100
MaxDiffAreaHistogram,int,16,1.69058e+06,100,2.04509,1,100
MaxDiffAreaHistogram,int,7,2.76975e+07,100,0.342308,1,100
MaxDiffAreaHistogram,float,20,2.76393e+07,100,5.48729,1,100
MaxDiffAreaHistogram,int,6,1.65675e+06,100,0.420075,1,100
MaxDiffAreaHistogram,float,27,1.44932e+07,100,1.10058,1,100
MaxDiffAreaHistogram,int,10,2.76961e+07,100,0.393486,1,100
MaxDiffAreaHistogram,float,26,1.44928e+07,100,1.45803,1,100
MaxDiffAreaHistogram,int,9,2.90021e+07,100,4.28202,1,100
MaxDiffAreaHistogram,int,16,1.44925e+07,100,0.187987,1,100
MaxDiffAreaHistogram,int,6,2.76978e+07,100,1.1819,1,100
MaxDiffAreaHistogram,int,0,2.76981e+07,100,0.375487,1,100
MaxDiffAreaHistogram,float,22,2.76679e+07,100,6.01283,1,100
MaxDiffAreaHistogram,float,21,2.76063e+07,100,6.16582,1,100
MaxDiffAreaHistogram,string,16,1.2338e+06,100,3.31913,1,100
MaxDiffAreaHistogram,int,6,1.2345e+06,100,0.0291465,1,100
MaxDiffAreaHistogram,int,6,1.44927e+07,100,0.685295,1,100
MaxDiffAreaHistogram,float,28,1.44928e+07,100,2.51418,1,100
MaxDiffAreaHistogram,float,25,1.44929e+07,100,2.59146,1,100
MaxDiffAreaHistogram,float,30,1.44928e+07,100,2.61794,1,100
MaxDiffAreaHistogram,int,18,1.44923e+07,100,0.151553,1,100
MaxDiffAreaHistogram,float,24,1.44928e+07,100,2.83383,1,100
MaxDiffAreaHistogram,string,1,1.27912e+06,100,4.63112,1,100
MaxDiffAreaHistogram,int,15,1.45654e+07,100,0.426978,1,100
MaxDiffAreaHistogram,int,14,1.44927e+07,15,0.231107,1,100
MaxDiffAreaHistogram,float,29,1.44924e+07,100,3.1386,1,100
MaxDiffAreaHistogram,int,5,1.44925e+07,100,0.135235,1,100
MaxDiffAreaHistogram,float,32,1.45654e+07,100,3.23454,1,100
MaxDiffAreaHistogram,float,20,1.44925e+07,100,0.6183,1,100
MaxDiffAreaHistogram,float,11,2.76987e+07,100,1.48444,1,100
MaxDiffAreaHistogram,int,17,1.45654e+07,100,2.21016,1,100
MaxDiffAreaHistogram,float,12,2.76973e+07,100,1.57215,1,100
MaxDiffAreaHistogram,int,8,1.44928e+07,100,0.673888,1,100
MaxDiffAreaHistogram,float,33,1.45654e+07,100,3.4191,1,100
MaxDiffAreaHistogram,float,31,1.45654e+07,100,3.53088,1,100
MaxDiffAreaHistogram,int,10,1.44928e+07,100,0.509728,1,100
MaxDiffAreaHistogram,int,4,1.44924e+07,100,0.688901,1,100
MaxDiffAreaHistogram,int,1,2.76986e+07,100,0.524548,1,100
MaxDiffAreaHistogram,float,19,1.44926e+07,100,0.693619,1,100
MaxDiffAreaHistogram,int,0,1.44925e+07,100,0.141572,1,100
MaxDiffAreaHistogram,int,9,1.44923e+07,100,0.221862,1,100
MaxDiffAreaHistogram,int,7,1.44929e+07,100,0.847341,1,100
MaxDiffAreaHistogram,int,2,2.90027e+07,100,0.952942,1,100
MaxDiffAreaHistogram,float,21,1.44928e+07,100,0.758735,1,100
MaxDiffAreaHistogram,int,0,55,5,0.000367672,1,100
MaxDiffAreaHistogram,string,2,55,5,0.000423805,1,100
MaxDiffAreaHistogram,string,1,55,5,0.00053398,1,100
MaxDiffAreaHistogram,int,4,7200,5,0.000417445,1,100
MaxDiffAreaHistogram,string,2,7200,5,0.000944678,1,100
MaxDiffAreaHistogram,int,0,7200,5,0.00127039,1,100
MaxDiffAreaHistogram,int,3,7200,5,0.00261364,1,100
MaxDiffAreaHistogram,int,1,7200,5,0.00633766,1,100
MaxDiffAreaHistogram,int,11,1.44925e+07,30,0.131491,1,100
MaxDiffAreaHistogram,int,1,1.44918e+07,100,0.176921,1,100
MaxDiffAreaHistogram,float,22,1.44924e+07,100,1.53303,1,100
MaxDiffAreaHistogram,int,12,1.44927e+07,100,0.206868,1,100
MaxDiffAreaHistogram,float,23,1.44924e+07,100,1.68531,1,100
MaxDiffAreaHistogram,int,2,1.44927e+07,100,0.135778,1,100
MaxDiffAreaHistogram,int,13,1.44928e+07,20,0.123747,1,100
MaxDiffAreaHistogram,int,3,1.44927e+07,100,0.548234,1,100
MaxDiffAreaHistogram,float,13,14,2,0.00118496,1,50
MaxDiffAreaHistogram,string,6,14,5,0.00138157,1,50
MaxDiffAreaHistogram,string,12,15,1,0.00142249,1,50
MaxDiffAreaHistogram,string,8,15,5,0.00151157,1,50
MaxDiffAreaHistogram,string,10,15,5,0.00149947,1,50
MaxDiffAreaHistogram,string,4,14,5,0.00161386,1,50
MaxDiffAreaHistogram,int,3,14,5,0.000292031,1,50
MaxDiffAreaHistogram,string,9,15,5,0.00207429,1,50
MaxDiffAreaHistogram,int,4,2020,5,0.00239624,1,50
MaxDiffAreaHistogram,string,7,14,5,0.00251683,1,50
MaxDiffAreaHistogram,string,5,14,5,0.00252716,1,50
MaxDiffAreaHistogram,string,2,14,5,0.0011315,1,50
MaxDiffAreaHistogram,string,11,15,5,0.00268576,1,50
MaxDiffAreaHistogram,int,0,15,5,0.00118804,1,50
MaxDiffAreaHistogram,int,0,20,5,0.000504409,1,50
MaxDiffAreaHistogram,string,1,20,5,0.000502895,1,50
MaxDiffAreaHistogram,string,1,15,5,0.000571635,1,50
MaxDiffAreaHistogram,string,2,20,5,0.000252446,1,50
MaxDiffAreaHistogram,int,20,73049,36,0.00355478,1,50
MaxDiffAreaHistogram,string,3,20,4,0.000197995,1,50
MaxDiffAreaHistogram,string,4,20,5,0.000295979,1,50
MaxDiffAreaHistogram,int,5,2021,5,0.00135166,1,50
MaxDiffAreaHistogram,string,5,20,5,0.000324318,1,50
MaxDiffAreaHistogram,string,6,2015,2,0.000428172,1,50
MaxDiffAreaHistogram,int,7,569,5,0.000597595,1,50
MaxDiffAreaHistogram,string,9,2021,5,0.000609974,1,50
MaxDiffAreaHistogram,string,8,2015,1,0.00079894,1,50
MaxDiffAreaHistogram,int,11,2024,5,0.000262021,1,50
MaxDiffAreaHistogram,int,19,73049,36,0.0048823,1,50
MaxDiffAreaHistogram,int,12,2020,5,0.00034647,1,50
MaxDiffAreaHistogram,int,13,2019,5,0.000321429,1,50
MaxDiffAreaHistogram,int,10,2015,5,0.000939412,1,50
MaxDiffAreaHistogram,int,10,73049,4,0.00155867,1,50
MaxDiffAreaHistogram,string,2,2019,4,0.000546517,1,50
MaxDiffAreaHistogram,string,3,1020,3,0.000441421,1,50
MaxDiffAreaHistogram,int,0,2040,5,0.000758331,1,50
MaxDiffAreaHistogram,int,9,73049,31,0.00140231,1,50
MaxDiffAreaHistogram,string,1,2040,5,0.00248698,1,50
MaxDiffAreaHistogram,string,18,73049,2,0.0094947,1,50
MaxDiffAreaHistogram,string,23,73049,1,0.00780967,1,50
MaxDiffAreaHistogram,string,24,73049,1,0.0101088,1,50
MaxDiffAreaHistogram,string,27,73049,2,0.00926269,1,50
MaxDiffAreaHistogram,string,26,73049,2,0.00941227,1,50
MaxDiffAreaHistogram,string,25,73049,2,0.0101649,1,50
MaxDiffAreaHistogram,int,8,73049,12,0.00170819,1,50
MaxDiffAreaHistogram,int,13,73049,36,0.00414532,1,50
MaxDiffAreaHistogram,int,3,73049,36,0.00224949,1,50
MaxDiffAreaHistogram,string,16,73049,2,0.00918879,1,50
MaxDiffAreaHistogram,string,17,73049,2,0.00948294,1,50
MaxDiffAreaHistogram,int,6,73049,36,0.00169832,1,50
MaxDiffAreaHistogram,int,7,73049,7,0.00213924,1,50
MaxDiffAreaHistogram,int,14,1.24111e+06,100,0.0238238,1,50
MaxDiffAreaHistogram,int,21,73049,36,0.0231391,1,50
MaxDiffAreaHistogram,int,4,1.26545e+06,20,0.0195886,1,50
MaxDiffAreaHistogram,string,14,73049,7,0.0139252,1,50
MaxDiffAreaHistogram,string,15,73049,36,0.0137627,1,50
MaxDiffAreaHistogram,int,11,73049,36,0.00180675,1,50
MaxDiffAreaHistogram,int,5,73049,36,0.00163327,1,50
MaxDiffAreaHistogram,int,22,73049,36,0.027096,1,50
MaxDiffAreaHistogram,int,0,73049,36,0.0238127,1,50
MaxDiffAreaHistogram,int,4,73049,36,0.00378485,1,50
MaxDiffAreaHistogram,int,6,1.26545e+06,7,0.0227908,1,50
MaxDiffAreaHistogram,int,12,73049,36,0.00167666,1,50
MaxDiffAreaHistogram,int,7,1.26545e+06,7,0.0253671,1,50
MaxDiffAreaHistogram,int,8,1.26545e+06,7,0.021881,1,50
MaxDiffAreaHistogram,int,10,2.99656e+06,100,0.0573471,1,50
MaxDiffAreaHistogram,float,18,1.24078e+06,100,0.0677594,1,50
MaxDiffAreaHistogram,int,0,2.99641e+06,100,0.0465284,1,50
MaxDiffAreaHistogram,string,2,1.26545e+06,5,0.131112,1,50
MaxDiffAreaHistogram,string,1,1.26545e+06,2,0.133235,1,50
MaxDiffAreaHistogram,float,16,1.2409e+06,100,0.127777,1,50
MaxDiffAreaHistogram,string,5,1.26545e+06,4,0.153856,1,50
MaxDiffAreaHistogram,string,3,1.26545e+06,7,0.171146,1,50
MaxDiffAreaHistogram,string,2,73049,36,0.155132,1,50
MaxDiffAreaHistogram,float,21,1.24118e+06,100,0.226348,1,50
MaxDiffAreaHistogram,string,1,73049,36,0.244594,1,50
MaxDiffAreaHistogram,float,22,1.24064e+06,100,0.233438,1,50
MaxDiffAreaHistogram,int,11,1.2402e+06,100,0.0207475,1,50
MaxDiffAreaHistogram,float,19,1.24113e+06,100,0.253694,1,50
MaxDiffAreaHistogram,int,12,1.24126e+06,55,0.0182392,1,50
MaxDiffAreaHistogram,int,9,1.24108e+06,100,0.0280711,1,50
MaxDiffAreaHistogram,float,20,1.24099e+06,100,0.287032,1,50
MaxDiffAreaHistogram,float,15,1.24102e+06,100,0.303527,1,50
MaxDiffAreaHistogram,float,14,2.99656e+06,100,0.154938,1,50
MaxDiffAreaHistogram,int,1,1.24028e+06,100,0.0735746,1,50
MaxDiffAreaHistogram,int,5,1.24052e+06,100,0.0266742,1,50
MaxDiffAreaHistogram,float,12,2.99722e+06,100,0.21919,1,50
MaxDiffAreaHistogram,string,3,969822,100,0.25128,1,50
MaxDiffAreaHistogram,float,23,1.24118e+06,100,0.353965,1,50
MaxDiffAreaHistogram,float,17,1.24094e+06,100,0.392443,1,50
MaxDiffAreaHistogram,int,2,1.29952e+06,100,0.151828,1,50
MaxDiffAreaHistogram,int,4,1.24143e+06,100,0.466239,1,50
MaxDiffAreaHistogram,int,0,4.01327e+07,100,0.535746,1,50
MaxDiffAreaHistogram,int,8,1.241e+06,100,0.472375,1,50
MaxDiffAreaHistogram,int,6,1.24089e+06,100,0.42561,1,50
MaxDiffAreaHistogram,int,2,3.10536e+06,100,0.287295,1,50
MaxDiffAreaHistogram,int,10,1.24068e+06,100,0.42511,1,50
MaxDiffAreaHistogram,float,15,2.99715e+06,100,0.487854,1,50
MaxDiffAreaHistogram,float,11,2.99711e+06,100,0.656012,1,50
MaxDiffAreaHistogram,int,0,1.2408e+06,100,0.027168,1,50
MaxDiffAreaHistogram,int,5,2.99727e+06,100,0.0566026,1,50
MaxDiffAreaHistogram,float,18,2.99685e+06,100,0.469871,1,50
MaxDiffAreaHistogram,float,17,2.99669e+06,100,0.487721,1,50
MaxDiffAreaHistogram,int,8,2.99621e+06,55,0.0446283,1,50
MaxDiffAreaHistogram,int,7,1.2408e+06,100,0.456971,1,50
MaxDiffAreaHistogram,string,9,987,1,0.00142526,1,50
MaxDiffAreaHistogram,string,10,986,1,0.000486875,1,50
MaxDiffAreaHistogram,int,0,1000,5,0.000796929,1,50
MaxDiffAreaHistogram,string,11,986,1,0.000484121,1,50
MaxDiffAreaHistogram,string,1,1000,5,0.002238,1,50
MaxDiffAreaHistogram,string,12,987,1,0.000735809,1,50
MaxDiffAreaHistogram,int,7,2.99628e+06,100,0.042583,1,50
MaxDiffAreaHistogram,int,2,983,5,0.000633422,1,50
MaxDiffAreaHistogram,string,13,985,1,0.000415893,1,50
MaxDiffAreaHistogram,int,3,988,5,0.000433883,1,50
MaxDiffAreaHistogram,string,14,986,1,0.000249918,1,50
MaxDiffAreaHistogram,int,4,986,5,0.000655712,1,50
MaxDiffAreaHistogram,string,15,984,1,0.0002563,1,50
MaxDiffAreaHistogram,float,5,986,1,0.000218103,1,50
MaxDiffAreaHistogram,float,13,2.99673e+06,100,0.726821,1,50
MaxDiffAreaHistogram,string,16,990,5,0.00216673,1,50
MaxDiffAreaHistogram,int,6,981,1,0.000915643,1,50
MaxDiffAreaHistogram,string,17,987,1,0.00032123,1,50
MaxDiffAreaHistogram,string,7,982,5,0.000373019,1,50
MaxDiffAreaHistogram,string,18,981,1,0.000244726,1,50
MaxDiffAreaHistogram,string,8,987,2,0.000263845,1,50
MaxDiffAreaHistogram,float,16,2.9968e+06,100,0.672001,1,50
MaxDiffAreaHistogram,float,19,2.99686e+06,100,0.688248,1,50
MaxDiffAreaHistogram,float,27,7.38182e+06,100,0.577321,1,50
MaxDiffAreaHistogram,int,1,4.01365e+07,100,0.664169,1,50
MaxDiffAreaHistogram,float,26,7.38193e+06,100,0.749397,1,50
MaxDiffAreaHistogram,string,4,969876,20,0.165946,1,50
MaxDiffAreaHistogram,int,4,2.99699e+06,100,0.975739,1,50
MaxDiffAreaHistogram,int,16,7.38183e+06,100,0.105797,1,50
MaxDiffAreaHistogram,string,5,969953,75,0.152139,1,50
MaxDiffAreaHistogram,int,6,7.38187e+06,100,0.0999926,1,50
MaxDiffAreaHistogram,string,6,969817,100,0.146124,1,50
MaxDiffAreaHistogram,int,13,1.29952e+06,100,1.1497,1,50
MaxDiffAreaHistogram,float,24,7.38189e+06,100,1.57072,1,50
MaxDiffAreaHistogram,float,13,2.76977e+07,100,1.45515,1,50
MaxDiffAreaHistogram,int,6,2.99702e+06,100,0.708701,1,50
MaxDiffAreaHistogram,int,14,7.38189e+06,20,0.117118,1,50
MaxDiffAreaHistogram,string,7,969972,100,0.183212,1,50
MaxDiffAreaHistogram,int,2,4.01327e+07,15,0.539679,1,50
MaxDiffAreaHistogram,int,3,2.9964e+06,100,0.873586,1,50
MaxDiffAreaHistogram,string,8,969876,51,0.104959,1,50
MaxDiffAreaHistogram,int,3,1.24059e+06,100,0.441607,1,50
MaxDiffAreaHistogram,float,28,7.38186e+06,100,1.43572,1,50
MaxDiffAreaHistogram,int,4,7.38187e+06,100,0.405276,1,50
MaxDiffAreaHistogram,int,18,7.38181e+06,100,0.125096,1,50
MaxDiffAreaHistogram,int,0,1.26545e+06,100,2.24523,1,50
MaxDiffAreaHistogram,int,3,3.81257e+07,100,0.581629,1,50
MaxDiffAreaHistogram,float,25,7.3819e+06,100,1.89866,1,50
MaxDiffAreaHistogram,string,21,30,5,0.000509081,1,50
MaxDiffAreaHistogram,string,11,30,5,0.000413502,1,50
MaxDiffAreaHistogram,string,1,30,5,0.000358672,1,50
MaxDiffAreaHistogram,string,22,30,5,0.000358376,1,50
MaxDiffAreaHistogram,int,12,30,5,0.000399208,1,50
MaxDiffAreaHistogram,string,2,30,4,0.00033397,1,50
MaxDiffAreaHistogram,string,23,30,5,0.000361586,1,50
MaxDiffAreaHistogram,string,13,30,5,0.000407671,1,50
MaxDiffAreaHistogram,string,3,15,3,0.000403636,1,50
MaxDiffAreaHistogram,string,24,30,5,0.000356271,1,50
MaxDiffAreaHistogram,string,14,30,5,0.000493214,1,50
MaxDiffAreaHistogram,string,25,30,5,0.000344881,1,50
MaxDiffAreaHistogram,string,15,30,5,0.000474556,1,50
MaxDiffAreaHistogram,int,5,30,5,0.000333733,1,50
MaxDiffAreaHistogram,float,29,7.38183e+06,100,1.75264,1,50
MaxDiffAreaHistogram,int,15,7.38191e+06,15,0.110499,1,50
MaxDiffAreaHistogram,string,8,1.23456e+06,100,0.210756,1,50
MaxDiffAreaHistogram,int,8,7.3819e+06,100,0.417731,1,50
MaxDiffAreaHistogram,int,17,1.65674e+06,100,0.025369,1,50
MaxDiffAreaHistogram,float,31,7.38373e+06,100,1.90784,1,50
MaxDiffAreaHistogram,float,30,7.38183e+06,100,1.93312,1,50
MaxDiffAreaHistogram,string,9,1.23447e+06,100,0.244484,1,50
MaxDiffAreaHistogram,float,33,7.38373e+06,100,1.87102,1,50
MaxDiffAreaHistogram,float,19,7.38195e+06,100,0.358317,1,50
MaxDiffAreaHistogram,float,14,2.21173e+07,100,1.91145,1,50
MaxDiffAreaHistogram,int,1,2.99654e+06,100,0.098705,1,50
MaxDiffAreaHistogram,string,10,1.23443e+06,2,0.14532,1,50
MaxDiffAreaHistogram,int,5,7.38185e+06,100,0.429366,1,50
MaxDiffAreaHistogram,int,3,2.77021e+07,100,1.35644,1,50
MaxDiffAreaHistogram,string,9,969630,100,0.179246,1,50
MaxDiffAreaHistogram,float,32,7.38373e+06,100,2.2562,1,50
MaxDiffAreaHistogram,float,21,7.38187e+06,100,0.398326,1,50
MaxDiffAreaHistogram,float,11,969869,6,0.0362662,1,50
MaxDiffAreaHistogram,string,10,969903,1,0.141467,1,50
MaxDiffAreaHistogram,int,9,7.3818e+06,100,0.402793,1,50
MaxDiffAreaHistogram,int,7,1.65671e+06,100,0.664227,1,50
MaxDiffAreaHistogram,float,20,7.38189e+06,100,0.47079,1,50
MaxDiffAreaHistogram,string,12,969828,3,0.136224,1,50
MaxDiffAreaHistogram,int,10,7.38193e+06,100,0.107611,1,50
MaxDiffAreaHistogram,int,11,7.38188e+06,100,0.333344,1,50
MaxDiffAreaHistogram,int,0,1e+06,100,0.285795,1,50
MaxDiffAreaHistogram,int,0,20400,10,0.0062709,1,50
MaxDiffAreaHistogram,string,2,969774,100,0.150529,1,50
MaxDiffAreaHistogram,int,0,7.38188e+06,100,0.0964045,1,50
MaxDiffAreaHistogram,string,12,203518,10,0.026594,1,50
MaxDiffAreaHistogram,int,11,1.23429e+06,31,0.021032,1,50
MaxDiffAreaHistogram,string,2,203478,4,0.0237447,1,50
MaxDiffAreaHistogram,string,1,20400,10,0.0662361,1,50
MaxDiffAreaHistogram,int,2,20204,10,0.000850118,1,50
MaxDiffAreaHistogram,int,13,203502,100,0.00353167,1,50
MaxDiffAreaHistogram,int,12,1.23479e+06,12,0.0166804,1,50
MaxDiffAreaHistogram,int,3,20194,10,0.000719218,1,50
MaxDiffAreaHistogram,string,3,102000,3,0.0173331,1,50
MaxDiffAreaHistogram,string,4,20195,1,0.00261865,1,50
MaxDiffAreaHistogram,int,5,20203,10,0.000768624,1,50
MaxDiffAreaHistogram,int,6,20192,10,0.000893973,1,50
MaxDiffAreaHistogram,string,14,203456,100,0.0322696,1,50
MaxDiffAreaHistogram,int,1,7.38188e+06,100,0.165738,1,50
MaxDiffAreaHistogram,float,19,2.21243e+07,100,1.8232,1,50
MaxDiffAreaHistogram,int,13,1.23436e+06,69,0.0160083,1,50
MaxDiffAreaHistogram,int,3,1.23494e+06,100,0.022534,1,50
MaxDiffAreaHistogram,float,18,1.6564e+06,100,0.417169,1,50
MaxDiffAreaHistogram,int,17,7.38373e+06,100,2.5585,1,50
MaxDiffAreaHistogram,string,14,1.23473e+06,100,0.186804,1,50
MaxDiffAreaHistogram,float,18,2.76904e+07,100,2.29138,1,50
MaxDiffAreaHistogram,int,2,1.23435e+06,100,0.499358,1,50
MaxDiffAreaHistogram,int,7,7.38188e+06,100,0.37078,1,50
MaxDiffAreaHistogram,string,7,20210,10,0.0765988,1,50
MaxDiffAreaHistogram,int,5,1.23457e+06,100,0.0242977,1,50
MaxDiffAreaHistogram,int,17,1.23439e+06,100,0.0157514,1,50
MaxDiffAreaHistogram,int,4,2.77009e+07,100,1.40563,1,50
MaxDiffAreaHistogram,string,26,30,5,0.00080595,1,50
MaxDiffAreaHistogram,int,16,30,5,0.000388844,1,50
MaxDiffAreaHistogram,string,6,30,5,0.000446671,1,50
MaxDiffAreaHistogram,int,4,1.27912e+06,100,0.410029,1,50
MaxDiffAreaHistogram,string,27,30,5,0.000423986,1,50
MaxDiffAreaHistogram,string,28,30,1,0.000396619,1,50
MaxDiffAreaHistogram,string,17,30,5,0.000403811,1,50
MaxDiffAreaHistogram,int,18,30,5,0.000301533,1,50
MaxDiffAreaHistogram,string,7,30,3,0.000376872,1,50
MaxDiffAreaHistogram,int,8,30,5,0.000403556,1,50
MaxDiffAreaHistogram,float,29,30,2,0.000374321,1,50
MaxDiffAreaHistogram,float,30,30,5,0.000407051,1,50
MaxDiffAreaHistogram,string,20,30,5,0.000300973,1,50
MaxDiffAreaHistogram,string,19,30,5,0.000468622,1,50
MaxDiffAreaHistogram,string,10,30,3,0.000331412,1,50
MaxDiffAreaHistogram,int,9,30,5,0.000447836,1,50
MaxDiffAreaHistogram,int,0,30,5,0.000358717,1,50
MaxDiffAreaHistogram,string,4,203492,100,0.732213,1,50
MaxDiffAreaHistogram,string,7,1.23446e+06,6,0.154023,1,50
MaxDiffAreaHistogram,string,15,203485,7,0.0414594,1,50
MaxDiffAreaHistogram,int,8,1.65672e+06,100,0.670773,1,50
MaxDiffAreaHistogram,float,5,203482,100,0.0156166,1,50
MaxDiffAreaHistogram,float,19,1.65676e+06,100,0.147863,1,50
MaxDiffAreaHistogram,int,8,2.76989e+07,100,0.400349,1,50
MaxDiffAreaHistogram,int,9,1.65673e+06,100,0.0367918,1,50
MaxDiffAreaHistogram,float,21,1.65672e+06,100,0.0899998,1,50
MaxDiffAreaHistogram,int,11,1.6567e+06,30,0.02392,1,50
MaxDiffAreaHistogram,float,23,7.38189e+06,100,1.70752,1,50
MaxDiffAreaHistogram,int,1,1.69058e+06,100,0.0915179,1,50
MaxDiffAreaHistogram,int,13,7.38193e+06,24,0.109173,1,50
MaxDiffAreaHistogram,float,22,1.65701e+06,100,0.313427,1,50
MaxDiffAreaHistogram,float,20,1.65681e+06,100,0.473584,1,50
MaxDiffAreaHistogram,int,12,1.6567e+06,100,0.0583661,1,50
MaxDiffAreaHistogram,float,24,1.65659e+06,100,0.310688,1,50
MaxDiffAreaHistogram,int,14,1.65677e+06,15,0.0296932,1,50
MaxDiffAreaHistogram,int,9,3.10536e+06,100,2.93307,1,50
MaxDiffAreaHistogram,float,22,7.38181e+06,100,1.74227,1,50
MaxDiffAreaHistogram,float,23,1.65677e+06,100,0.418154,1,50
MaxDiffAreaHistogram,float,25,1.6567e+06,100,0.303607,1,50
MaxDiffAreaHistogram,int,0,1.27912e+06,100,1.99203,1,50
MaxDiffAreaHistogram,string,8,20203,3,0.00409891,1,50
MaxDiffAreaHistogram,int,15,1.65667e+06,55,0.0255709,1,50
MaxDiffAreaHistogram,int,13,1.65663e+06,20,0.0404811,1,50
MaxDiffAreaHistogram,string,17,203476,92,0.028233,1,50
MaxDiffAreaHistogram,int,7,203484,100,0.00470184,1,50
MaxDiffAreaHistogram,int,5,1.65671e+06,100,0.0346146,1,50
MaxDiffAreaHistogram,int,2,1.69058e+06,100,0.176185,1,50
MaxDiffAreaHistogram,int,20,203494,100,0.00319174,1,50
MaxDiffAreaHistogram,string,18,203497,21,0.0274749,1,50
MaxDiffAreaHistogram,string,16,203470,100,0.57019,1,50
MaxDiffAreaHistogram,string,19,203490,1,0.0306059,1,50
MaxDiffAreaHistogram,int,12,7.38197e+06,100,0.100705,1,50
MaxDiffAreaHistogram,string,10,203501,99,0.0286315,1,50
MaxDiffAreaHistogram,int,9,203509,16,0.00411902,1,50
MaxDiffAreaHistogram,float,6,203511,100,0.0132382,1,50
MaxDiffAreaHistogram,string,8,203490,100,0.0448341,1,50
MaxDiffAreaHistogram,int,0,204000,100,0.0538532,1,50
MaxDiffAreaHistogram,int,2,7.3819e+06,100,0.0941096,1,50
MaxDiffAreaHistogram,int,3,7.38373e+06,100,0.552047,1,50
MaxDiffAreaHistogram,int,4,1.65693e+06,100,0.400128,1,50
MaxDiffAreaHistogram,int,10,1.6568e+06,100,0.455593,1,50
MaxDiffAreaHistogram,int,0,1.69058e+06,100,0.0318319,1,50
MaxDiffAreaHistogram,float,26,1.65688e+06,100,0.431285,1,50
MaxDiffAreaHistogram,int,3,1.65662e+06,100,0.435207,1,50
MaxDiffAreaHistogram,string,21,203486,100,0.532319,1,50
MaxDiffAreaHistogram,int,11,203485,10,0.0032919,1,50
MaxDiffAreaHistogram,string,1,204000,100,0.237013,1,50
MaxDiffAreaHistogram,float,15,2.76749e+07,100,5.03704,1,50
MaxDiffAreaHistogram,int,5,2.76988e+07,100,0.276152,1,50
MaxDiffAreaHistogram,float,17,2.76924e+07,100,5.06532,1,50
MaxDiffAreaHistogram,string,23,24,1,0.000761771,1,50
MaxDiffAreaHistogram,string,20,24,5,0.000760936,1,50
MaxDiffAreaHistogram,string,16,24,5,0.000771743,1,50
MaxDiffAreaHistogram,float,24,24,2,0.000807352,1,50
MaxDiffAreaHistogram,string,21,24,5,0.000913752,1,50
MaxDiffAreaHistogram,string,22,24,5,0.0011566,1,50
MaxDiffAreaHistogram,string,18,24,5,0.00130636,1,50
MaxDiffAreaHistogram,float,25,24,5,0.000991291,1,50
MaxDiffAreaHistogram,int,13,24,5,0.000669407,1,50
MaxDiffAreaHistogram,string,10,24,5,0.000726289,1,50
MaxDiffAreaHistogram,string,14,24,5,0.00097412,1,50
MaxDiffAreaHistogram,string,11,24,5,0.000923884,1,50
MaxDiffAreaHistogram,int,6,20,5,0.000992733,1,50
MaxDiffAreaHistogram,string,17,24,5,0.00196755,1,50
MaxDiffAreaHistogram,string,8,24,5,0.000651928,1,50
MaxDiffAreaHistogram,int,0,24,5,0.000186102,1,50
MaxDiffAreaHistogram,string,3,12,3,0.000419137,1,50
MaxDiffAreaHistogram,string,12,24,5,0.00092029,1,50
MaxDiffAreaHistogram,string,15,24,5,0.000816247,1,50
MaxDiffAreaHistogram,string,4,24,4,0.000283731,1,50
MaxDiffAreaHistogram,string,7,24,1,0.000218867,1,50
MaxDiffAreaHistogram,string,1,24,5,0.000319535,1,50
MaxDiffAreaHistogram,string,2,24,4,0.000174425,1,50
MaxDiffAreaHistogram,int,5,24,5,0.000206778,1,50
MaxDiffAreaHistogram,string,19,24,5,0.0168552,1,50
MaxDiffAreaHistogram,int,9,24,5,0.000350603,1,50
MaxDiffAreaHistogram,float,16,2.76982e+07,100,5.26384,1,50
MaxDiffAreaHistogram,float,20,2.76375e+07,100,4.65645,1,50
MaxDiffAreaHistogram,int,7,2.7698e+07,100,0.277521,1,50
MaxDiffAreaHistogram,int,16,1.69058e+06,100,1.61456,1,50
MaxDiffAreaHistogram,string,1,1e+06,100,3.79493,1,50
MaxDiffAreaHistogram,int,10,2.7698e+07,100,0.323991,1,50
MaxDiffAreaHistogram,int,6,1.65682e+06,100,0.345542,1,50
MaxDiffAreaHistogram,float,22,2.76663e+07,100,4.8833,1,50
MaxDiffAreaHistogram,int,0,2.76974e+07,100,0.301517,1,50
MaxDiffAreaHistogram,string,16,1.23422e+06,100,3.29597,1,50
MaxDiffAreaHistogram,int,6,1.23443e+06,100,0.0194771,1,50
MaxDiffAreaHistogram,string,1,1.27912e+06,100,4.02182,1,50
MaxDiffAreaHistogram,string,20,396,5,0.000680077,1,50
MaxDiffAreaHistogram,string,21,400,5,0.000754158,1,50
MaxDiffAreaHistogram,int,10,396,5,0.000257657,1,50
MaxDiffAreaHistogram,string,19,396,5,0.00102045,1,50
MaxDiffAreaHistogram,string,11,399,1,0.0002391,1,50
MaxDiffAreaHistogram,int,0,402,5,0.000474007,1,50
MaxDiffAreaHistogram,string,23,398,5,0.00168635,1,50
MaxDiffAreaHistogram,string,9,397,5,0.000762372,1,50
MaxDiffAreaHistogram,string,1,402,5,0.000739789,1,50
MaxDiffAreaHistogram,string,26,398,1,0.000347375,1,50
MaxDiffAreaHistogram,float,27,398,2,0.000345467,1,50
MaxDiffAreaHistogram,string,25,396,5,0.000725232,1,50
MaxDiffAreaHistogram,int,16,398,1,0.000252904,1,50
MaxDiffAreaHistogram,string,17,399,1,0.000313159,1,50
MaxDiffAreaHistogram,string,13,395,5,0.00105883,1,50
MaxDiffAreaHistogram,string,15,397,1,0.000643084,1,50
MaxDiffAreaHistogram,int,6,397,5,0.000448396,1,50
MaxDiffAreaHistogram,string,3,201,3,0.00041259,1,50
MaxDiffAreaHistogram,int,7,399,5,0.000617268,1,50
MaxDiffAreaHistogram,string,5,400,5,0.000864816,1,50
MaxDiffAreaHistogram,string,22,397,5,0.00405685,1,50
MaxDiffAreaHistogram,string,24,400,5,0.0516431,1,50
MaxDiffAreaHistogram,float,28,397,5,0.0486894,1,50
MaxDiffAreaHistogram,int,14,400,1,0.000224851,1,50
MaxDiffAreaHistogram,int,4,106,5,0.000278151,1,50
MaxDiffAreaHistogram,string,12,397,5,0.0487917,1,50
MaxDiffAreaHistogram,string,18,397,5,0.000941602,1,50
MaxDiffAreaHistogram,string,2,398,4,0.000246902,1,50
MaxDiffAreaHistogram,string,8,398,3,0.000274827,1,50
MaxDiffAreaHistogram,int,3,86400,24,0.00147018,1,50
MaxDiffAreaHistogram,int,4,86400,43,0.00153577,1,50
MaxDiffAreaHistogram,int,5,86400,43,0.00326666,1,50
MaxDiffAreaHistogram,string,6,86400,2,0.00904964,1,50
MaxDiffAreaHistogram,string,7,86400,3,0.00931565,1,50
MaxDiffAreaHistogram,string,9,36000,3,0.00552229,1,50
MaxDiffAreaHistogram,string,8,86400,4,0.0133378,1,50
MaxDiffAreaHistogram,int,2,86400,43,0.0220024,1,50
MaxDiffAreaHistogram,int,0,86400,43,0.0281745,1,50
MaxDiffAreaHistogram,int,6,2.76997e+07,100,1.12921,1,50
MaxDiffAreaHistogram,int,9,2.90036e+07,100,4.16629,1,50
MaxDiffAreaHistogram,string,1,86400,43,0.256266,1,50
MaxDiffAreaHistogram,float,21,2.76104e+07,100,5.96087,1,50
MaxDiffAreaHistogram,int,0,20,5,0.000234198,1,50
MaxDiffAreaHistogram,int,2,20,5,0.000304555,1,50
MaxDiffAreaHistogram,int,1,20,5,0.00701547,1,50
MaxDiffAreaHistogram,float,27,1.44925e+07,100,1.01521,1,50
MaxDiffAreaHistogram,float,12,2.76979e+07,100,1.04668,1,50
MaxDiffAreaHistogram,float,26,1.44924e+07,100,1.29099,1,50
MaxDiffAreaHistogram,int,16,1.44933e+07,100,0.189192,1,50
MaxDiffAreaHistogram,float,28,1.44929e+07,100,1.65382,1,50
MaxDiffAreaHistogram,float,24,1.44926e+07,100,1.79873,1,50
MaxDiffAreaHistogram,int,18,1.44926e+07,100,0.156056,1,50
MaxDiffAreaHistogram,int,2,2.90026e+07,100,0.828165,1,50
MaxDiffAreaHistogram,int,14,1.4492e+07,15,0.196719,1,50
MaxDiffAreaHistogram,int,6,1.44928e+07,100,0.67221,1,50
MaxDiffAreaHistogram,float,11,2.76961e+07,100,1.25931,1,50
MaxDiffAreaHistogram,float,29,1.44927e+07,100,2.18414,1,50
MaxDiffAreaHistogram,float,33,1.45654e+07,100,2.446,1,50
MaxDiffAreaHistogram,float,30,1.44928e+07,100,2.44754,1,50
MaxDiffAreaHistogram,int,8,1.44928e+07,100,0.712516,1,50
MaxDiffAreaHistogram,int,1,2.76994e+07,100,0.429861,1,50
MaxDiffAreaHistogram,string,1,55,5,0.000582944,1,50
MaxDiffAreaHistogram,string,2,55,5,0.00782363,1,50
MaxDiffAreaHistogram,int,0,55,5,0.0104185,1,50
MaxDiffAreaHistogram,int,3,7200,5,0.000410675,1,50
MaxDiffAreaHistogram,int,1,7200,5,0.000416906,1,50
MaxDiffAreaHistogram,int,0,7200,5,0.00178142,1,50
MaxDiffAreaHistogram,string,2,7200,5,0.00303968,1,50
MaxDiffAreaHistogram,int,4,7200,5,0.00359781,1,50
MaxDiffAreaHistogram,float,19,1.44928e+07,100,0.452073,1,50
MaxDiffAreaHistogram,int,4,1.44927e+07,100,0.709875,1,50
MaxDiffAreaHistogram,int,9,1.44923e+07,100,0.133853,1,50
MaxDiffAreaHistogram,float,31,1.45654e+07,100,3.01817,1,50
MaxDiffAreaHistogram,float,20,1.44924e+07,100,0.614642,1,50
MaxDiffAreaHistogram,float,25,1.44926e+07,100,3.07269,1,50
MaxDiffAreaHistogram,int,17,1.45654e+07,100,2.35872,1,50
MaxDiffAreaHistogram,float,21,1.44922e+07,100,0.534761,1,50
MaxDiffAreaHistogram,int,10,1.44927e+07,100,0.499454,1,50
MaxDiffAreaHistogram,float,32,1.45654e+07,100,3.572,1,50
MaxDiffAreaHistogram,int,15,1.45654e+07,100,0.587001,1,50
MaxDiffAreaHistogram,int,11,1.44923e+07,30,0.130904,1,50
MaxDiffAreaHistogram,int,0,1.44926e+07,100,0.136376,1,50
MaxDiffAreaHistogram,int,1,1.44925e+07,100,0.17857,1,50
MaxDiffAreaHistogram,int,5,1.44923e+07,100,0.206975,1,50
MaxDiffAreaHistogram,int,7,1.44923e+07,100,0.556204,1,50
MaxDiffAreaHistogram,float,23,1.44928e+07,100,1.61053,1,50
MaxDiffAreaHistogram,int,13,1.44923e+07,20,0.189163,1,50
MaxDiffAreaHistogram,int,3,1.4492e+07,100,0.601408,1,50
MaxDiffAreaHistogram,float,22,1.44926e+07,100,1.37882,1,50
MaxDiffAreaHistogram,int,12,1.44928e+07,100,0.185517,1,50
MaxDiffAreaHistogram,int,2,1.44929e+07,100,0.132608,1,50
MaxDiffAreaHistogram,float,13,14,2,0.00122147,1,1
MaxDiffAreaHistogram,string,12,15,1,0.00121672,1,1
MaxDiffAreaHistogram,int,0,20,5,0.00127948,1,1
MaxDiffAreaHistogram,string,6,14,5,0.00171113,1,1
MaxDiffAreaHistogram,string,10,15,5,0.00187843,1,1
MaxDiffAreaHistogram,string,9,15,5,0.00394345,1,1
MaxDiffAreaHistogram,string,7,14,5,0.00393242,1,1
MaxDiffAreaHistogram,int,5,2021,5,0.00400998,1,1
MaxDiffAreaHistogram,int,4,2020,5,0.0041266,1,1
MaxDiffAreaHistogram,int,3,14,5,0.00317181,1,1
MaxDiffAreaHistogram,string,2,14,5,0.00326027,1,1
MaxDiffAreaHistogram,string,6,2015,2,0.00114163,1,1
MaxDiffAreaHistogram,string,8,15,5,0.00467822,1,1
MaxDiffAreaHistogram,string,5,14,5,0.00473608,1,1
MaxDiffAreaHistogram,string,4,14,5,0.00482311,1,1
MaxDiffAreaHistogram,string,1,20,5,0.00343369,1,1
MaxDiffAreaHistogram,int,0,15,5,0.00144296,1,1
MaxDiffAreaHistogram,string,11,15,5,0.00501504,1,1
MaxDiffAreaHistogram,string,9,2021,5,0.000891265,1,1
MaxDiffAreaHistogram,string,8,2015,1,0.0013144,1,1
MaxDiffAreaHistogram,int,12,2020,5,0.000231627,1,1
MaxDiffAreaHistogram,string,2,20,5,0.000980144,1,1
MaxDiffAreaHistogram,int,11,2024,5,0.000991591,1,1
MaxDiffAreaHistogram,string,1,15,5,0.000869605,1,1
MaxDiffAreaHistogram,int,7,569,5,0.00191118,1,1
MaxDiffAreaHistogram,int,10,2015,5,0.00132128,1,1
MaxDiffAreaHistogram,string,3,20,4,0.000251413,1,1
MaxDiffAreaHistogram,string,2,2019,4,0.000721393,1,1
MaxDiffAreaHistogram,string,18,73049,2,0.00725143,1,1
MaxDiffAreaHistogram,string,4,20,5,0.0010321,1,1
MaxDiffAreaHistogram,int,13,2019,5,0.00115249,1,1
MaxDiffAreaHistogram,int,20,73049,36,0.00342794,1,1
MaxDiffAreaHistogram,int,19,73049,36,0.00365557,1,1
MaxDiffAreaHistogram,int,0,2040,5,0.00149303,1,1
MaxDiffAreaHistogram,string,3,1020,3,0.0005384,1,1
MaxDiffAreaHistogram,int,8,73049,12,0.00136744,1,1
MaxDiffAreaHistogram,string,1,2040,5,0.00338421,1,1
MaxDiffAreaHistogram,int,9,73049,31,0.00163151,1,1
MaxDiffAreaHistogram,int,10,73049,4,0.00198304,1,1
MaxDiffAreaHistogram,string,25,73049,2,0.00730896,1,1
MaxDiffAreaHistogram,string,23,73049,1,0.00831712,1,1
MaxDiffAreaHistogram,string,24,73049,1,0.0086869,1,1
MaxDiffAreaHistogram,string,26,73049,2,0.00859597,1,1
MaxDiffAreaHistogram,string,27,73049,2,0.00957934,1,1
MaxDiffAreaHistogram,int,13,73049,36,0.00464126,1,1
MaxDiffAreaHistogram,int,3,73049,36,0.00249122,1,1
MaxDiffAreaHistogram,string,16,73049,2,0.00788378,1,1
MaxDiffAreaHistogram,string,15,73049,36,0.0105953,1,1
MaxDiffAreaHistogram,int,21,73049,36,0.0237478,1,1
MaxDiffAreaHistogram,int,22,73049,36,0.0249361,1,1
MaxDiffAreaHistogram,string,14,73049,7,0.0161546,1,1
MaxDiffAreaHistogram,string,17,73049,2,0.0136004,1,1
MaxDiffAreaHistogram,int,4,1.26545e+06,20,0.0212963,1,1
MaxDiffAreaHistogram,int,14,1.24104e+06,100,0.030203,1,1
MaxDiffAreaHistogram,int,6,73049,36,0.0075434,1,1
MaxDiffAreaHistogram,string,5,20,5,0.00043858,1,1
MaxDiffAreaHistogram,int,12,73049,36,0.00199044,1,1
MaxDiffAreaHistogram,int,11,73049,36,0.00326441,1,1
MaxDiffAreaHistogram,int,5,73049,36,0.00800768,1,1
MaxDiffAreaHistogram,int,7,73049,7,0.0018653,1,1
MaxDiffAreaHistogram,int,6,1.26545e+06,7,0.0225997,1,1
MaxDiffAreaHistogram,int,4,73049,36,0.00421019,1,1
MaxDiffAreaHistogram,int,0,73049,36,0.0296142,1,1
MaxDiffAreaHistogram,int,7,1.26545e+06,7,0.0225525,1,1
MaxDiffAreaHistogram,int,8,1.26545e+06,7,0.022163,1,1
MaxDiffAreaHistogram,int,10,2.9965e+06,100,0.0577193,1,1
MaxDiffAreaHistogram,float,18,1.24067e+06,100,0.0679798,1,1
MaxDiffAreaHistogram,int,0,2.99691e+06,100,0.0523391,1,1
MaxDiffAreaHistogram,string,1,1.26545e+06,2,0.117706,1,1
MaxDiffAreaHistogram,float,16,1.24086e+06,100,0.106979,1,1
MaxDiffAreaHistogram,string,2,1.26545e+06,5,0.135928,1,1
MaxDiffAreaHistogram,string,5,1.26545e+06,4,0.165147,1,1
MaxDiffAreaHistogram,string,3,1.26545e+06,7,0.180453,1,1
MaxDiffAreaHistogram,string,2,73049,36,0.158292,1,1
MaxDiffAreaHistogram,float,21,1.24096e+06,100,0.234439,1,1
MaxDiffAreaHistogram,float,19,1.24076e+06,100,0.250286,1,1
MaxDiffAreaHistogram,string,1,73049,36,0.254494,1,1
MaxDiffAreaHistogram,float,22,1.24113e+06,100,0.236001,1,1
MaxDiffAreaHistogram,int,11,1.24057e+06,100,0.021732,1,1
MaxDiffAreaHistogram,int,12,1.24084e+06,55,0.018913,1,1
MaxDiffAreaHistogram,int,9,1.24106e+06,100,0.0254807,1,1
MaxDiffAreaHistogram,float,20,1.24103e+06,100,0.291919,1,1
MaxDiffAreaHistogram,float,14,2.99671e+06,100,0.147819,1,1
MaxDiffAreaHistogram,float,15,1.24104e+06,100,0.335654,1,1
MaxDiffAreaHistogram,float,12,2.99658e+06,100,0.225956,1,1
MaxDiffAreaHistogram,int,1,1.24109e+06,100,0.0755995,1,1
MaxDiffAreaHistogram,int,5,1.24135e+06,100,0.0232487,1,1
MaxDiffAreaHistogram,string,3,969822,100,0.238941,1,1
MaxDiffAreaHistogram,float,17,1.2414e+06,100,0.414421,1,1
MaxDiffAreaHistogram,int,2,1.29952e+06,100,0.164821,1,1
MaxDiffAreaHistogram,float,23,1.24082e+06,100,0.365751,1,1
MaxDiffAreaHistogram,string,9,987,1,0.00425755,1,1
MaxDiffAreaHistogram,string,10,986,1,0.000801972,1,1
MaxDiffAreaHistogram,int,0,1000,5,0.000650645,1,1
MaxDiffAreaHistogram,string,11,986,1,0.000457541,1,1
MaxDiffAreaHistogram,string,1,1000,5,0.00253869,1,1
MaxDiffAreaHistogram,int,4,1.24068e+06,100,0.489386,1,1
MaxDiffAreaHistogram,int,0,4.01327e+07,100,0.530125,1,1
MaxDiffAreaHistogram,int,6,1.24086e+06,100,0.408995,1,1
MaxDiffAreaHistogram,string,4,969876,20,0.132994,1,1
MaxDiffAreaHistogram,int,8,1.24029e+06,100,0.462156,1,1
MaxDiffAreaHistogram,int,2,3.10536e+06,100,0.287317,1,1
MaxDiffAreaHistogram,string,5,969953,75,0.12647,1,1
MaxDiffAreaHistogram,int,10,1.24076e+06,100,0.396394,1,1
MaxDiffAreaHistogram,int,0,1.24109e+06,100,0.0191368,1,1
MaxDiffAreaHistogram,float,15,2.99658e+06,100,0.486504,1,1
MaxDiffAreaHistogram,float,11,2.99702e+06,100,0.694463,1,1
MaxDiffAreaHistogram,int,5,2.99647e+06,100,0.0540482,1,1
MaxDiffAreaHistogram,float,18,2.99712e+06,100,0.440902,1,1
MaxDiffAreaHistogram,string,6,969817,100,0.147848,1,1
MaxDiffAreaHistogram,float,17,2.99689e+06,100,0.478535,1,1
MaxDiffAreaHistogram,int,8,2.99659e+06,55,0.0434624,1,1
MaxDiffAreaHistogram,int,7,2.99724e+06,100,0.0409265,1,1
MaxDiffAreaHistogram,int,1,2.99624e+06,100,0.110184,1,1
MaxDiffAreaHistogram,float,13,2.99645e+06,100,0.757884,1,1
MaxDiffAreaHistogram,float,16,2.99736e+06,100,0.627556,1,1
MaxDiffAreaHistogram,int,7,1.24121e+06,100,0.503265,1,1
MaxDiffAreaHistogram,string,7,969972,100,0.181697,1,1
MaxDiffAreaHistogram,float,19,2.99731e+06,100,0.663924,1,1
MaxDiffAreaHistogram,float,27,7.38187e+06,100,0.582095,1,1
MaxDiffAreaHistogram,string,8,969876,51,0.136916,1,1
MaxDiffAreaHistogram,int,4,2.99658e+06,100,0.90251,1,1
MaxDiffAreaHistogram,int,1,4.01322e+07,100,0.7456,1,1
MaxDiffAreaHistogram,float,26,7.38193e+06,100,0.741149,1,1
MaxDiffAreaHistogram,string,9,969630,100,0.149355,1,1
MaxDiffAreaHistogram,int,16,7.38186e+06,100,0.0970381,1,1
MaxDiffAreaHistogram,float,13,2.76972e+07,100,1.44261,1,1
MaxDiffAreaHistogram,int,6,7.3819e+06,100,0.113646,1,1
MaxDiffAreaHistogram,float,24,7.38188e+06,100,1.53594,1,1
MaxDiffAreaHistogram,int,13,1.29952e+06,100,1.04954,1,1
MaxDiffAreaHistogram,int,2,4.01327e+07,15,0.619054,1,1
MaxDiffAreaHistogram,int,6,2.99642e+06,100,0.633639,1,1
MaxDiffAreaHistogram,int,14,7.38192e+06,20,0.11763,1,1
MaxDiffAreaHistogram,int,3,3.81255e+07,100,0.553138,1,1
MaxDiffAreaHistogram,int,3,2.99556e+06,100,0.869223,1,1
MaxDiffAreaHistogram,int,3,1.24132e+06,100,0.44072,1,1
MaxDiffAreaHistogram,string,12,987,1,0.000807845,1,1
MaxDiffAreaHistogram,int,2,983,5,0.000626914,1,1
MaxDiffAreaHistogram,string,13,985,1,0.000380139,1,1
MaxDiffAreaHistogram,int,3,988,5,0.000560767,1,1
MaxDiffAreaHistogram,string,14,986,1,0.000382635,1,1
MaxDiffAreaHistogram,int,4,986,5,0.000718929,1,1
MaxDiffAreaHistogram,string,15,984,1,0.000390045,1,1
MaxDiffAreaHistogram,float,5,986,1,0.000356696,1,1
MaxDiffAreaHistogram,string,16,990,5,0.00250879,1,1
MaxDiffAreaHistogram,int,6,981,1,0.00066174,1,1
MaxDiffAreaHistogram,string,17,987,1,0.000436189,1,1
MaxDiffAreaHistogram,string,7,982,5,0.000475981,1,1
MaxDiffAreaHistogram,string,18,981,1,0.000376697,1,1
MaxDiffAreaHistogram,string,8,987,2,0.000383394,1,1
MaxDiffAreaHistogram,int,4,7.38184e+06,100,0.385407,1,1
MaxDiffAreaHistogram,float,28,7.38192e+06,100,1.39962,1,1
MaxDiffAreaHistogram,int,18,7.38185e+06,100,0.0945075,1,1
MaxDiffAreaHistogram,int,0,1.26545e+06,100,2.38566,1,1
MaxDiffAreaHistogram,float,25,7.38189e+06,100,1.92847,1,1
MaxDiffAreaHistogram,float,29,7.38189e+06,100,1.77333,1,1
MaxDiffAreaHistogram,int,15,7.38182e+06,15,0.118893,1,1
MaxDiffAreaHistogram,int,8,7.38189e+06,100,0.422201,1,1
MaxDiffAreaHistogram,string,8,1.23487e+06,100,0.194663,1,1
MaxDiffAreaHistogram,int,17,1.65692e+06,100,0.0207718,1,1
MaxDiffAreaHistogram,float,30,7.38187e+06,100,1.94356,1,1
MaxDiffAreaHistogram,string,9,1.23446e+06,100,0.215178,1,1
MaxDiffAreaHistogram,float,31,7.38373e+06,100,1.9453,1,1
MaxDiffAreaHistogram,int,3,2.76997e+07,100,1.38078,1,1
MaxDiffAreaHistogram,float,19,7.38188e+06,100,0.341094,1,1
MaxDiffAreaHistogram,string,10,1.23447e+06,2,0.102336,1,1
MaxDiffAreaHistogram,float,33,7.38373e+06,100,1.99375,1,1
MaxDiffAreaHistogram,int,5,7.38187e+06,100,0.389581,1,1
MaxDiffAreaHistogram,string,10,969903,1,0.145463,1,1
MaxDiffAreaHistogram,float,11,969869,6,0.0260938,1,1
MaxDiffAreaHistogram,float,32,7.38373e+06,100,2.27993,1,1
MaxDiffAreaHistogram,int,17,7.38373e+06,100,2.03879,1,1
MaxDiffAreaHistogram,float,14,2.21193e+07,100,1.92881,1,1
MaxDiffAreaHistogram,float,21,7.38194e+06,100,0.405672,1,1
MaxDiffAreaHistogram,int,9,7.38194e+06,100,0.392495,1,1
MaxDiffAreaHistogram,float,20,7.3819e+06,100,0.48591,1,1
MaxDiffAreaHistogram,int,0,1e+06,100,0.290524,1,1
MaxDiffAreaHistogram,int,0,20400,10,0.00767005,1,1
MaxDiffAreaHistogram,int,7,1.6568e+06,100,0.723356,1,1
MaxDiffAreaHistogram,string,1,20400,10,0.0510938,1,1
MaxDiffAreaHistogram,int,2,20204,10,0.00350721,1,1
MaxDiffAreaHistogram,int,3,20194,10,0.00100694,1,1
MaxDiffAreaHistogram,string,4,20195,1,0.00260569,1,1
MaxDiffAreaHistogram,int,5,20203,10,0.000969456,1,1
MaxDiffAreaHistogram,int,6,20192,10,0.000680579,1,1
MaxDiffAreaHistogram,int,10,7.38178e+06,100,0.113654,1,1
MaxDiffAreaHistogram,string,12,969828,3,0.121954,1,1
MaxDiffAreaHistogram,string,7,20210,10,0.0682425,1,1
MaxDiffAreaHistogram,string,8,20203,3,0.00364099,1,1
MaxDiffAreaHistogram,string,12,203518,10,0.025837,1,1
MaxDiffAreaHistogram,string,2,203478,4,0.023478,1,1
MaxDiffAreaHistogram,int,13,203502,100,0.00348749,1,1
MaxDiffAreaHistogram,int,0,7.38188e+06,100,0.106095,1,1
MaxDiffAreaHistogram,string,3,102000,3,0.0173224,1,1
MaxDiffAreaHistogram,string,2,969774,100,0.115498,1,1
MaxDiffAreaHistogram,int,11,1.23459e+06,31,0.0224265,1,1
MaxDiffAreaHistogram,int,12,1.23418e+06,12,0.0205528,1,1
MaxDiffAreaHistogram,string,14,203456,100,0.0323615,1,1
MaxDiffAreaHistogram,int,11,7.38187e+06,100,0.310537,1,1
MaxDiffAreaHistogram,int,7,7.38195e+06,100,0.369246,1,1
MaxDiffAreaHistogram,int,13,1.23435e+06,69,0.0200714,1,1
MaxDiffAreaHistogram,int,3,1.23447e+06,100,0.0263115,1,1
MaxDiffAreaHistogram,float,19,2.21251e+07,100,1.84745,1,1
MaxDiffAreaHistogram,int,1,7.38193e+06,100,0.155629,1,1
MaxDiffAreaHistogram,float,18,1.65648e+06,100,0.41603,1,1
MaxDiffAreaHistogram,int,5,1.23434e+06,100,0.0189068,1,1
MaxDiffAreaHistogram,string,14,1.23455e+06,100,0.203097,1,1
MaxDiffAreaHistogram,float,18,2.76916e+07,100,2.36101,1,1
MaxDiffAreaHistogram,int,2,1.23434e+06,100,0.449676,1,1
MaxDiffAreaHistogram,int,17,1.23475e+06,100,0.0193877,1,1
MaxDiffAreaHistogram,int,0,1.27912e+06,100,1.14922,1,1
MaxDiffAreaHistogram,string,16,24,5,0.000780862,1,1
MaxDiffAreaHistogram,int,6,20,5,0.000369329,1,1
MaxDiffAreaHistogram,string,17,24,5,0.00037645,1,1
MaxDiffAreaHistogram,string,7,24,1,0.00029565,1,1
MaxDiffAreaHistogram,string,18,24,5,0.000398829,1,1
MaxDiffAreaHistogram,string,8,24,5,0.000461522,1,1
MaxDiffAreaHistogram,string,19,24,5,0.000372593,1,1
MaxDiffAreaHistogram,int,9,24,5,0.000498323,1,1
MaxDiffAreaHistogram,string,20,24,5,0.000369536,1,1
MaxDiffAreaHistogram,string,10,24,5,0.00040489,1,1
MaxDiffAreaHistogram,int,0,24,5,0.000350487,1,1
MaxDiffAreaHistogram,string,21,24,5,0.000361735,1,1
MaxDiffAreaHistogram,string,11,24,5,0.000408697,1,1
MaxDiffAreaHistogram,string,1,24,5,0.000369762,1,1
MaxDiffAreaHistogram,string,22,24,5,0.000378892,1,1
MaxDiffAreaHistogram,string,12,24,5,0.000381295,1,1
MaxDiffAreaHistogram,string,2,24,4,0.000318887,1,1
MaxDiffAreaHistogram,string,23,24,1,0.000299561,1,1
MaxDiffAreaHistogram,int,13,24,5,0.000315956,1,1
MaxDiffAreaHistogram,string,3,12,3,0.000344136,1,1
MaxDiffAreaHistogram,float,24,24,2,0.000314374,1,1
MaxDiffAreaHistogram,string,14,24,5,0.000331096,1,1
MaxDiffAreaHistogram,string,4,24,4,0.000327578,1,1
MaxDiffAreaHistogram,float,25,24,5,0.000298666,1,1
MaxDiffAreaHistogram,string,15,24,5,0.000342729,1,1
MaxDiffAreaHistogram,int,5,24,5,0.000322409,1,1
MaxDiffAreaHistogram,string,7,1.23436e+06,6,0.130355,1,1
MaxDiffAreaHistogram,float,19,1.65676e+06,100,0.139544,1,1
MaxDiffAreaHistogram,int,4,1.27912e+06,100,0.400836,1,1
MaxDiffAreaHistogram,int,9,1.65661e+06,100,0.0319726,1,1
MaxDiffAreaHistogram,string,4,203492,100,0.716564,1,1
MaxDiffAreaHistogram,string,15,203485,7,0.024274,1,1
MaxDiffAreaHistogram,float,5,203482,100,0.0122923,1,1
MaxDiffAreaHistogram,int,9,3.10536e+06,100,3.14666,1,1
MaxDiffAreaHistogram,float,21,1.65677e+06,100,0.0926253,1,1
MaxDiffAreaHistogram,int,11,1.65668e+06,30,0.0231957,1,1
MaxDiffAreaHistogram,int,8,2.76976e+07,100,0.39996,1,1
MaxDiffAreaHistogram,int,8,1.65687e+06,100,0.679803,1,1
MaxDiffAreaHistogram,int,1,1.69058e+06,100,0.0968883,1,1
MaxDiffAreaHistogram,string,21,30,5,0.000808908,1,1
MaxDiffAreaHistogram,string,11,30,5,0.000542566,1,1
MaxDiffAreaHistogram,string,1,30,5,0.000386322,1,1
MaxDiffAreaHistogram,string,22,30,5,0.000465967,1,1
MaxDiffAreaHistogram,int,12,30,5,0.000364495,1,1
MaxDiffAreaHistogram,string,2,30,4,0.000355354,1,1
MaxDiffAreaHistogram,string,23,30,5,0.000380422,1,1
MaxDiffAreaHistogram,string,13,30,5,0.000484149,1,1
MaxDiffAreaHistogram,string,3,15,3,0.000191553,1,1
MaxDiffAreaHistogram,string,24,30,5,0.00020808,1,1
MaxDiffAreaHistogram,string,14,30,5,0.000262853,1,1
MaxDiffAreaHistogram,string,25,30,5,0.000206525,1,1
MaxDiffAreaHistogram,string,15,30,5,0.000242997,1,1
MaxDiffAreaHistogram,int,5,30,5,0.000221728,1,1
MaxDiffAreaHistogram,string,26,30,5,0.000196984,1,1
MaxDiffAreaHistogram,int,16,30,5,0.000167793,1,1
MaxDiffAreaHistogram,string,6,30,5,0.000220991,1,1
MaxDiffAreaHistogram,string,27,30,5,0.000214682,1,1
MaxDiffAreaHistogram,string,17,30,5,0.000203419,1,1
MaxDiffAreaHistogram,string,7,30,3,0.00020274,1,1
MaxDiffAreaHistogram,string,28,30,1,0.00017596,1,1
MaxDiffAreaHistogram,int,18,30,5,0.000199026,1,1
MaxDiffAreaHistogram,int,8,30,5,0.000196678,1,1
MaxDiffAreaHistogram,float,29,30,2,0.000170502,1,1
MaxDiffAreaHistogram,string,19,30,5,0.000205407,1,1
MaxDiffAreaHistogram,int,9,30,5,0.000192944,1,1
MaxDiffAreaHistogram,float,30,30,5,0.000185284,1,1
MaxDiffAreaHistogram,string,20,30,5,0.00020436,1,1
MaxDiffAreaHistogram,string,10,30,3,0.000174699,1,1
MaxDiffAreaHistogram,int,0,30,5,0.000218958,1,1
MaxDiffAreaHistogram,float,22,1.65689e+06,100,0.326022,1,1
MaxDiffAreaHistogram,float,24,1.65658e+06,100,0.305787,1,1
MaxDiffAreaHistogram,float,20,1.65657e+06,100,0.486313,1,1
MaxDiffAreaHistogram,int,12,1.65657e+06,100,0.0554489,1,1
MaxDiffAreaHistogram,int,14,1.65641e+06,15,0.0263369,1,1
MaxDiffAreaHistogram,int,4,2.77001e+07,100,1.42302,1,1
MaxDiffAreaHistogram,float,25,1.65707e+06,100,0.31875,1,1
MaxDiffAreaHistogram,string,17,203476,92,0.0362514,1,1
MaxDiffAreaHistogram,int,15,1.65681e+06,55,0.0291461,1,1
MaxDiffAreaHistogram,int,7,203484,100,0.00479484,1,1
MaxDiffAreaHistogram,float,23,1.65694e+06,100,0.43665,1,1
MaxDiffAreaHistogram,float,23,7.38191e+06,100,1.80491,1,1
MaxDiffAreaHistogram,int,5,1.65699e+06,100,0.0299267,1,1
MaxDiffAreaHistogram,string,18,203497,21,0.0334931,1,1
MaxDiffAreaHistogram,int,20,203494,100,0.00335915,1,1
MaxDiffAreaHistogram,string,19,203490,1,0.0302555,1,1
MaxDiffAreaHistogram,int,9,203509,16,0.00479274,1,1
MaxDiffAreaHistogram,string,10,203501,99,0.0381444,1,1
MaxDiffAreaHistogram,int,2,1.69058e+06,100,0.16185,1,1
MaxDiffAreaHistogram,string,19,396,5,0.00109178,1,1
MaxDiffAreaHistogram,string,9,397,5,0.000795722,1,1
MaxDiffAreaHistogram,string,20,396,5,0.00045809,1,1
MaxDiffAreaHistogram,int,10,396,5,0.000362794,1,1
MaxDiffAreaHistogram,int,0,402,5,0.00046833,1,1
MaxDiffAreaHistogram,string,21,400,5,0.000611796,1,1
MaxDiffAreaHistogram,string,11,399,1,0.000349249,1,1
MaxDiffAreaHistogram,string,1,402,5,0.000710297,1,1
MaxDiffAreaHistogram,string,22,397,5,0.000451267,1,1
MaxDiffAreaHistogram,string,8,203490,100,0.0546835,1,1
MaxDiffAreaHistogram,string,23,398,5,0.000481055,1,1
MaxDiffAreaHistogram,string,12,397,5,0.00104711,1,1
MaxDiffAreaHistogram,string,2,398,4,0.000557757,1,1
MaxDiffAreaHistogram,string,13,395,5,0.000861878,1,1
MaxDiffAreaHistogram,string,24,400,5,0.000409513,1,1
MaxDiffAreaHistogram,int,14,400,1,0.00014977,1,1
MaxDiffAreaHistogram,string,3,201,3,0.00046394,1,1
MaxDiffAreaHistogram,int,4,106,5,0.000379375,1,1
MaxDiffAreaHistogram,string,26,398,1,0.000209434,1,1
MaxDiffAreaHistogram,string,25,396,5,0.000607802,1,1
MaxDiffAreaHistogram,int,16,398,1,0.000355991,1,1
MaxDiffAreaHistogram,string,15,397,1,0.000331922,1,1
MaxDiffAreaHistogram,string,5,400,5,0.000470123,1,1
MaxDiffAreaHistogram,int,6,397,5,0.000540594,1,1
MaxDiffAreaHistogram,float,27,398,2,0.000213531,1,1
MaxDiffAreaHistogram,float,28,397,5,0.000446399,1,1
MaxDiffAreaHistogram,string,17,399,1,0.000349248,1,1
MaxDiffAreaHistogram,int,7,399,5,0.00043576,1,1
MaxDiffAreaHistogram,string,18,397,5,0.000802061,1,1
MaxDiffAreaHistogram,string,8,398,3,0.000236338,1,1
MaxDiffAreaHistogram,int,0,86400,43,0.022813,1,1
MaxDiffAreaHistogram,int,0,204000,100,0.0549839,1,1
MaxDiffAreaHistogram,int,3,86400,24,0.00153391,1,1
MaxDiffAreaHistogram,int,4,86400,43,0.0017308,1,1
MaxDiffAreaHistogram,int,5,86400,43,0.00133441,1,1
MaxDiffAreaHistogram,int,2,86400,43,0.0191426,1,1
MaxDiffAreaHistogram,string,6,86400,2,0.0100219,1,1
MaxDiffAreaHistogram,int,13,7.38185e+06,24,0.122787,1,1
MaxDiffAreaHistogram,string,7,86400,3,0.00975941,1,1
MaxDiffAreaHistogram,string,9,36000,3,0.00548292,1,1
MaxDiffAreaHistogram,string,8,86400,4,0.0105756,1,1
MaxDiffAreaHistogram,float,26,1.65654e+06,100,0.446626,1,1
MaxDiffAreaHistogram,float,22,7.38194e+06,100,1.7859,1,1
MaxDiffAreaHistogram,string,16,203470,100,0.565879,1,1
MaxDiffAreaHistogram,float,6,203511,100,0.0135481,1,1
MaxDiffAreaHistogram,string,1,86400,43,0.232333,1,1
MaxDiffAreaHistogram,int,4,1.65696e+06,100,0.438705,1,1
MaxDiffAreaHistogram,int,10,1.65682e+06,100,0.469553,1,1
MaxDiffAreaHistogram,int,12,7.38191e+06,100,0.112951,1,1
MaxDiffAreaHistogram,int,0,1.69058e+06,100,0.021643,1,1
MaxDiffAreaHistogram,int,2,7.38188e+06,100,0.106128,1,1
MaxDiffAreaHistogram,int,3,7.38373e+06,100,0.46639,1,1
MaxDiffAreaHistogram,string,21,203486,100,0.688251,1,1
MaxDiffAreaHistogram,int,11,203485,10,0.00722234,1,1
MaxDiffAreaHistogram,string,1,204000,100,0.244173,1,1
MaxDiffAreaHistogram,int,13,1.657e+06,20,0.018688,1,1
MaxDiffAreaHistogram,int,3,1.65702e+06,100,0.333796,1,1
MaxDiffAreaHistogram,float,16,2.7696e+07,100,4.75475,1,1
MaxDiffAreaHistogram,float,15,2.76736e+07,100,4.97142,1,1
MaxDiffAreaHistogram,int,16,1.69058e+06,100,1.60729,1,1
MaxDiffAreaHistogram,int,5,2.76975e+07,100,0.269637,1,1
MaxDiffAreaHistogram,float,17,2.76925e+07,100,5.09692,1,1
MaxDiffAreaHistogram,int,6,1.65677e+06,100,0.285658,1,1
MaxDiffAreaHistogram,string,1,1e+06,100,3.77575,1,1
MaxDiffAreaHistogram,string,1,1.27912e+06,100,3.40753,1,1
MaxDiffAreaHistogram,int,7,2.77001e+07,100,0.327891,1,1
MaxDiffAreaHistogram,int,6,2.76971e+07,100,0.962414,1,1
MaxDiffAreaHistogram,int,9,2.90033e+07,100,3.60158,1,1
MaxDiffAreaHistogram,float,20,2.76369e+07,100,5.55934,1,1
MaxDiffAreaHistogram,int,10,2.76983e+07,100,0.312367,1,1
MaxDiffAreaHistogram,float,27,1.44924e+07,100,0.988664,1,1
MaxDiffAreaHistogram,float,26,1.44926e+07,100,1.07835,1,1
MaxDiffAreaHistogram,float,22,2.76685e+07,100,5.90121,1,1
MaxDiffAreaHistogram,int,0,2.76981e+07,100,0.272924,1,1
MaxDiffAreaHistogram,int,2,20,5,0.000405251,1,1
MaxDiffAreaHistogram,int,1,20,5,0.00317049,1,1
MaxDiffAreaHistogram,int,0,20,5,0.00338867,1,1
MaxDiffAreaHistogram,int,16,1.44929e+07,100,0.133068,1,1
MaxDiffAreaHistogram,float,21,2.76081e+07,100,6.10676,1,1
MaxDiffAreaHistogram,int,6,1.44927e+07,100,0.563015,1,1
MaxDiffAreaHistogram,string,16,1.23424e+06,100,5.08502,1,1
MaxDiffAreaHistogram,int,6,1.23459e+06,100,0.0276387,1,1
MaxDiffAreaHistogram,float,25,1.44929e+07,100,2.27789,1,1
MaxDiffAreaHistogram,float,28,1.44931e+07,100,2.36185,1,1
MaxDiffAreaHistogram,float,31,1.45654e+07,100,2.41603,1,1
MaxDiffAreaHistogram,float,30,1.44925e+07,100,2.42791,1,1
MaxDiffAreaHistogram,float,12,2.76986e+07,100,1.32682,1,1
MaxDiffAreaHistogram,int,18,1.44929e+07,100,0.187247,1,1
MaxDiffAreaHistogram,float,24,1.44931e+07,100,2.55224,1,1
MaxDiffAreaHistogram,float,32,1.45654e+07,100,2.68054,1,1
MaxDiffAreaHistogram,int,15,1.45654e+07,100,0.408428,1,1
MaxDiffAreaHistogram,float,11,2.76979e+07,100,1.34452,1,1
MaxDiffAreaHistogram,int,14,1.44924e+07,15,0.23223,1,1
MaxDiffAreaHistogram,int,5,1.44928e+07,100,0.136133,1,1
MaxDiffAreaHistogram,float,29,1.44927e+07,100,2.9399,1,1
MaxDiffAreaHistogram,float,21,1.44921e+07,100,0.53663,1,1
MaxDiffAreaHistogram,float,20,1.44922e+07,100,0.613725,1,1
MaxDiffAreaHistogram,int,11,1.44926e+07,30,0.15807,1,1
MaxDiffAreaHistogram,int,1,2.76963e+07,100,0.454549,1,1
MaxDiffAreaHistogram,float,33,1.45654e+07,100,3.2545,1,1
MaxDiffAreaHistogram,int,1,1.44922e+07,100,0.191025,1,1
MaxDiffAreaHistogram,int,2,2.90027e+07,100,0.786556,1,1
MaxDiffAreaHistogram,int,8,1.44925e+07,100,0.855188,1,1
MaxDiffAreaHistogram,int,10,1.44925e+07,100,0.525366,1,1
MaxDiffAreaHistogram,float,19,1.44923e+07,100,0.703744,1,1
MaxDiffAreaHistogram,int,0,55,5,0.000221539,1,1
MaxDiffAreaHistogram,string,2,55,5,0.000435694,1,1
MaxDiffAreaHistogram,string,1,55,5,0.00195945,1,1
MaxDiffAreaHistogram,int,4,7200,5,0.000424848,1,1
MaxDiffAreaHistogram,int,1,7200,5,0.000831092,1,1
MaxDiffAreaHistogram,string,2,7200,5,0.000892763,1,1
MaxDiffAreaHistogram,int,0,7200,5,0.0012978,1,1
MaxDiffAreaHistogram,int,3,7200,5,0.00414179,1,1
MaxDiffAreaHistogram,int,0,1.44928e+07,100,0.144055,1,1
MaxDiffAreaHistogram,int,4,1.4493e+07,100,0.929051,1,1
MaxDiffAreaHistogram,int,9,1.44927e+07,100,0.148719,1,1
MaxDiffAreaHistogram,int,17,1.45654e+07,100,2.92489,1,1
MaxDiffAreaHistogram,float,22,1.44926e+07,100,1.62832,1,1
MaxDiffAreaHistogram,int,12,1.4492e+07,100,0.181263,1,1
MaxDiffAreaHistogram,int,7,1.44923e+07,100,0.637018,1,1
MaxDiffAreaHistogram,int,2,1.44927e+07,100,0.142966,1,1
MaxDiffAreaHistogram,float,23,1.44924e+07,100,1.51963,1,1
MaxDiffAreaHistogram,int,13,1.44926e+07,20,0.192271,1,1
MaxDiffAreaHistogram,int,3,1.44928e+07,100,0.553266,1,1
